area,path,bytes,lines,binary,exec,sha256,dup_of
VENDOR-ROOT-FILE,.profile,21,1,N,N,787ab203279ada7ab10fd7c252f9b414ef4185d632ca2a9d2d38307cd8cca606,
VENDOR-ROOT-FILE,.sudo_as_admin_successful,0,0,N,N,e3b0c44298fc1c149afbf4c8996fb92427ae41e4649b934ca495991b7852b855,buyer-release-final/database/phase8-4-restore.log;buyer-release/evidence/db/phase8-4-restore.log;evidence/phase8-4-restore.log (+4 more)
VENDOR-ROOT-FILE,.wget-hsts,165,4,N,N,369ff13de29fb3fb27f7c234a322b629c115b860745d4e79fe41a830b06602da,
VENDOR-ROOT-FILE,AUDIT_PASS_REPORT.md,736798,14466,N,N,67e1324cd801350c223868b47ea027d9c6c907b780ad4df04b65d39b7a8c7a89,
VENDOR-ROOT-FILE,COMMERCIAL_PACKAGE_REPORT.md,180666,2969,N,N,dc9c566b1665ea0ca79c9f1a91b1fb183a977d4fe6cc9ccc23d284abf7744a46,
VENDOR-ROOT-FILE,FINAL_DELIVERY_REPORT.md,202329,3326,N,N,7ffc62cf567735523f9ba6a557c0cffb008aff46ec7a5ba3cd6bd110197f4e7f,
VENDOR-ROOT-FILE,FREEZE_REPORT.md,260235,4045,N,N,3210ec787c63be9ad35475df34b4d225afa2c82db26199e97dde78185020e36a,
VENDOR-ROOT-FILE,HARDENING_REPORT.md,16979,205,N,N,9aaba64a92d52fa2245d5c3fec50c9d83a7462a86336f001c3eae4deb3254f27,
VENDOR-ROOT-FILE,RELEASE_REPORT.md,375968,7507,N,N,826f949a16018dec7e1656c0aa675e6d2f49848278ad12e951cb200bad107dfa,
VENDOR-ROOT-FILE,assemble_report.py,3114,92,N,N,83775bd0f7b9e3492cdfbf48517d09c5e65a32e061711db584e7906ef393b311,
VENDOR-ROOT-FILE,build_report.py,1864,31,N,N,47092a8fc8cd6027dda9fdb4ef0aeeba907c9a401a547a4236f030c4f6cec0b4,
VENDOR-ROOT-FILE,build_report2.py,13251,142,N,N,122f89025c15c03582c50529adc6a79babd3c88439b7aa2a29e41906acd81d24,
VENDOR-ROOT-FILE,build_report3.py,1464,24,N,N,c13476a847dadcf23ce12b7b13a8c63e36ddd20575937d2481692e722bec89e0,
VENDOR-ROOT-FILE,build_report4.py,13296,137,N,N,16fef623492ec8a349305582f8e09669d9a2d0d09a74992812844736fa316279,
VENDOR-ROOT-FILE,doccheck.py,7479,154,N,N,b18c247e024f59fe2e8269ea0e85152dbe235d3e698b0ac86476cab1528021fe,
VENDOR-ROOT-FILE,release_check_audit2.log,77824,1714,N,N,2fe364de4fbe851dedce2d72fe82212b56a62e62584c429347c136753ca0593b,
VENDOR-ROOT-FILE,release_check_audit3.log,2268222,32252,N,N,2a536bb00e734ea3fc9a9d5e4c0bb539aea8a8e7a446a40f2a910c50c4a0eba1,
VENDOR-ROOT-FILE,rustup-init.sh,29915,930,N,N,7d0ea0f8eba7fa1ebfe998091cd7ec4501e33ec5ca6b884eb4d894d7da5170af,
OTHER,.config/solana/install/config.yml,421,40,N,N,ff13e2d5c9e8894934f4638d87fe3b6b7d079e5b137f80edfaae19643986e72f,
PACKAGE-FINAL,buyer-release-final/BUYER-FINAL-RELEASE-MANIFEST.json,8254,126,N,N,6909c9d3b98fe9390b57d7f959c6ce76eac781d20cffa8acb4245c975fea625d,
PACKAGE-FINAL,buyer-release-final/README.md,6311,127,N,N,0a91cdfd033b110e2e36ca233ff5d4ada37ed0aa57420e86868806029b1a9aad,
PACKAGE-FINAL,buyer-release-final/ci/CI-LOCAL-EQUIVALENCE.md,5097,66,N,N,82480503990541af20be3057c00aaf83b157c4ca63e3cfa51c89a0116252d36b,buyer-release-final/docs/CI-LOCAL-EQUIVALENCE.md;buyer-release-final/source-tree/docs/CI-LOCAL-EQUIVALENCE.md;buyer-release/ci/CI-LOCAL-EQUIVALENCE.md (+3 more)
PACKAGE-FINAL,buyer-release-final/ci/ci.yml,7600,211,N,N,8982dd6292e9d268ac37352877baddd89c2ddeea51c709aa9f5e5764dca60a86,buyer-release-final/source-tree/.github/workflows/ci.yml;buyer-release/ci/ci.yml;buyer-release/source-tree/.github/workflows/ci.yml (+1 more)
PACKAGE-FINAL,buyer-release-final/benchmarks/benchmarks-2026-09-18.json,2424,61,N,N,53eeac7702e05fdad38b7b7e6c1bbccb516d2d69546554ad8fe4d91d0d13c021,buyer-release/evidence/benchmarks/benchmarks-2026-09-18.json;evidence/benchmarks-2026-09-18.json
PACKAGE-FINAL,buyer-release-final/benchmarks/phase11-latency-devnet.log,8355,210,N,N,c840ad392f4e578a0c5fcf2c50c197d8cb79ec224cad2fd0fd2b843ed35c11ec,buyer-release/evidence/benchmarks/phase11-latency-devnet.log;evidence/phase11-latency-devnet.log
PACKAGE-FINAL,buyer-release-final/binaries/staking_suite.so,187504,,Y,N,57a890fae273f2c569fc814c43f0645311b6983dd30782126a9844ee193b5564,buyer-release-final/staking-program/staking_suite.so;buyer-release/binaries/staking_suite.so;buyer-release/staking-program/staking_suite.so (+1 more)
PACKAGE-FINAL,buyer-release-final/checksums/SHA256SUMS,34168,326,N,N,b2aeb7a08c030b716b1c55d70a084b651a01187a7b6d1b3d35dbd29a01903295,
PACKAGE-FINAL,buyer-release-final/checksums/SHA256SUMS.json,46552,1313,N,N,219579f5e8c0c14b50152aec591c0c468efc2d586f2351a396cc48231b0fee44,
PACKAGE-FINAL,buyer-release-final/database/backup-2026-09-18T15:44:22Z.dump,116964,,Y,N,5989ecf1ff2b2a8bd693fbb0aa8a16d2ece708a6ebdb354aecf5492ee93fec3c,buyer-release/evidence/db/backup-2026-09-18T15:44:22Z.dump;evidence/backup-2026-09-18T15:44:22Z.dump
PACKAGE-FINAL,buyer-release-final/database/backup-2026-09-18T15:47:37Z.dump,116973,,Y,N,740ac85839897d96ae8f8e30c8f5e2372242f6fdd7bf2d97eb9308e03c6629a9,buyer-release/evidence/db/backup-2026-09-18T15:47:37Z.dump;evidence/backup-2026-09-18T15:47:37Z.dump
PACKAGE-FINAL,buyer-release-final/database/phase8-1-populate.log,1494,30,N,N,acf86938988f2efa053f52b88d501f70c1bfc698db76f2a7de1c094cbfeccf9a,buyer-release/evidence/db/phase8-1-populate.log;evidence/phase8-1-populate.log
PACKAGE-FINAL,buyer-release-final/database/phase8-3-dump.sha256,119,1,N,N,be1946fa9bf907a81f2e415b0d2ba472ebda64697938d959af5a1e7fc53b566a,buyer-release/evidence/db/phase8-3-dump.sha256;evidence/phase8-3-dump.sha256
PACKAGE-FINAL,buyer-release-final/database/phase8-4-restore.log,0,0,N,N,e3b0c44298fc1c149afbf4c8996fb92427ae41e4649b934ca495991b7852b855,.sudo_as_admin_successful;buyer-release/evidence/db/phase8-4-restore.log;evidence/phase8-4-restore.log (+4 more)
PACKAGE-FINAL,buyer-release-final/database/phase8-7-app.log,128,1,N,N,0880219f2bff21ad00fd0058b8efd1568d0f1fb8947c58bb82f060c2f52ce31c,buyer-release/evidence/db/phase8-7-app.log;evidence/phase8-7-app.log
PACKAGE-FINAL,buyer-release-final/database/phase8-main.log,1159,25,N,N,ae827b2ea8ff09c71b79901f9d5aec3d99fdeae00c9b540b0a6b05526bcd9c60,buyer-release/evidence/db/phase8-main.log;evidence/phase8-main.log
PACKAGE-FINAL,buyer-release-final/database/phase8-rst-migrations.txt,1301,11,N,N,754c2846263c30fc41a9a7ae0039cac19e7adebbd9e3d6d94a1defc442c3104a,buyer-release-final/database/phase8-src-migrations.txt;buyer-release/evidence/db/phase8-rst-migrations.txt;buyer-release/evidence/db/phase8-src-migrations.txt (+2 more)
PACKAGE-FINAL,buyer-release-final/database/phase8-rst-rowcounts.txt,389,24,N,N,da35a59f2852e4c7ea97676ea0290d445049075ca56c696b0be77ddc2dc75370,buyer-release-final/database/phase8-src-rowcounts.txt;buyer-release/evidence/db/phase8-rst-rowcounts.txt;buyer-release/evidence/db/phase8-src-rowcounts.txt (+2 more)
PACKAGE-FINAL,buyer-release-final/database/phase8-rst-tables.txt,339,24,N,N,68cfda5752958e95d18403056e95ea537be21468cac2b8d9036a665076fb6300,buyer-release-final/database/phase8-src-tables.txt;buyer-release/evidence/db/phase8-rst-tables.txt;buyer-release/evidence/db/phase8-src-tables.txt (+2 more)
PACKAGE-FINAL,buyer-release-final/database/phase8-src-migrations.txt,1301,11,N,N,754c2846263c30fc41a9a7ae0039cac19e7adebbd9e3d6d94a1defc442c3104a,buyer-release-final/database/phase8-rst-migrations.txt;buyer-release/evidence/db/phase8-rst-migrations.txt;buyer-release/evidence/db/phase8-src-migrations.txt (+2 more)
PACKAGE-FINAL,buyer-release-final/database/phase8-src-rowcounts.txt,389,24,N,N,da35a59f2852e4c7ea97676ea0290d445049075ca56c696b0be77ddc2dc75370,buyer-release-final/database/phase8-rst-rowcounts.txt;buyer-release/evidence/db/phase8-rst-rowcounts.txt;buyer-release/evidence/db/phase8-src-rowcounts.txt (+2 more)
PACKAGE-FINAL,buyer-release-final/database/phase8-src-tables.txt,339,24,N,N,68cfda5752958e95d18403056e95ea537be21468cac2b8d9036a665076fb6300,buyer-release-final/database/phase8-rst-tables.txt;buyer-release/evidence/db/phase8-rst-tables.txt;buyer-release/evidence/db/phase8-src-tables.txt (+2 more)
PACKAGE-FINAL,buyer-release-final/database/phase8b-main.log,2365,35,N,N,c2d935ee0fc05d09cf8e5d6d6951332416f59e690b65783ca4d80b221572bb6e,buyer-release-final/evidence/app-startup/phase8b-main.log;buyer-release/evidence/app-startup/phase8b-main.log;evidence/phase8b-main.log
PACKAGE-FINAL,buyer-release-final/deployment/Dockerfile,2760,73,N,N,89cf34144d13cab9ddbb5dc0421ba75884ca5a0a6af6b41cd2d74ee117642c32,buyer-release-final/source-tree/Dockerfile;buyer-release/deployment/Dockerfile;buyer-release/source-tree/Dockerfile (+1 more)
PACKAGE-FINAL,buyer-release-final/deployment/config.toml.example,18662,385,N,N,a09979e07c2b1e9f69ed0e555e30c2c24267d9db3a7384240ce685d64c00a011,buyer-release-final/source-tree/config.toml.example;buyer-release/deployment/config.toml.example;buyer-release/source-tree/config.toml.example (+2 more)
PACKAGE-FINAL,buyer-release-final/deployment/docker-compose.yml,2769,79,N,N,f36bd755d8a89337095148008ecfa37ff2f60fdd08db5f5de40dc83a07a70e88,buyer-release-final/source-tree/docker-compose.yml;buyer-release/deployment/docker-compose.yml;buyer-release/source-tree/docker-compose.yml (+1 more)
PACKAGE-FINAL,buyer-release-final/deployment/migrations/0001_bootstrap.sql,3432,79,N,N,45c5f0896ac9f91f9f176aa7c020a8fef80d7d752a17ff97bcb742c5862d7d08,buyer-release-final/source-tree/crates/core/migrations/0001_bootstrap.sql;buyer-release/deployment/migrations/0001_bootstrap.sql;buyer-release/source-tree/crates/core/migrations/0001_bootstrap.sql (+1 more)
PACKAGE-FINAL,buyer-release-final/deployment/migrations/0002_orders_executions.sql,4808,97,N,N,4d41335901f325fba03460603bac20c49c47e977100ada174e4473d7ebce5781,buyer-release-final/source-tree/crates/core/migrations/0002_orders_executions.sql;buyer-release/deployment/migrations/0002_orders_executions.sql;buyer-release/source-tree/crates/core/migrations/0002_orders_executions.sql (+1 more)
PACKAGE-FINAL,buyer-release-final/deployment/migrations/0003_positions_trades.sql,3791,78,N,N,0c2066804b827aabfbf9cd336094e6fb4754c4e13fec1f5e3a749c3fa6f2f40a,buyer-release-final/source-tree/crates/core/migrations/0003_positions_trades.sql;buyer-release/deployment/migrations/0003_positions_trades.sql;buyer-release/source-tree/crates/core/migrations/0003_positions_trades.sql (+1 more)
PACKAGE-FINAL,buyer-release-final/deployment/migrations/0004_dedup_risk_audit.sql,2287,49,N,N,94f03e45f7fff3c10fcbe51d56041bd020ba0345f5a7cfe06b6d47fe87e7633c,buyer-release-final/source-tree/crates/core/migrations/0004_dedup_risk_audit.sql;buyer-release/deployment/migrations/0004_dedup_risk_audit.sql;buyer-release/source-tree/crates/core/migrations/0004_dedup_risk_audit.sql (+1 more)
PACKAGE-FINAL,buyer-release-final/deployment/migrations/0005_reconciliation.sql,1548,32,N,N,7a8fbc5c1c938df4ad6cd96016ee59b2b0f3e439238d3478791a3fc17d345111,buyer-release-final/source-tree/crates/core/migrations/0005_reconciliation.sql;buyer-release/deployment/migrations/0005_reconciliation.sql;buyer-release/source-tree/crates/core/migrations/0005_reconciliation.sql (+1 more)
PACKAGE-FINAL,buyer-release-final/deployment/migrations/0006_transaction_attribution.sql,866,15,N,N,5690e5a617fdd173295312479356dc613f26cc0fc9f50a849a7fc9f20dbfea0c,buyer-release-final/source-tree/crates/core/migrations/0006_transaction_attribution.sql;buyer-release/deployment/migrations/0006_transaction_attribution.sql;buyer-release/source-tree/crates/core/migrations/0006_transaction_attribution.sql (+1 more)
PACKAGE-FINAL,buyer-release-final/deployment/migrations/0007_intent_journal.sql,1400,29,N,N,0eabc577ba64cf8cbf0e3346d6859a4fde54b80542ff903d9b6a439f8696be99,buyer-release-final/source-tree/crates/core/migrations/0007_intent_journal.sql;buyer-release/deployment/migrations/0007_intent_journal.sql;buyer-release/source-tree/crates/core/migrations/0007_intent_journal.sql (+1 more)
PACKAGE-FINAL,buyer-release-final/deployment/migrations/0008_intent_claim_kind.sql,854,18,N,N,fab129cd428416d2cacfa39a7d8ea7dbe5222feccdcd0273705427e4cb9d4894,buyer-release-final/source-tree/crates/core/migrations/0008_intent_claim_kind.sql;buyer-release/deployment/migrations/0008_intent_claim_kind.sql;buyer-release/source-tree/crates/core/migrations/0008_intent_claim_kind.sql (+1 more)
PACKAGE-FINAL,buyer-release-final/deployment/migrations/0009_execution_claims.sql,2096,42,N,N,c3588d72a6173ae6cb1f38fe43913ab20f40eee662f4277501bf0e2ea5fb3279,buyer-release-final/source-tree/crates/core/migrations/0009_execution_claims.sql;buyer-release/deployment/migrations/0009_execution_claims.sql;buyer-release/source-tree/crates/core/migrations/0009_execution_claims.sql (+1 more)
PACKAGE-FINAL,buyer-release-final/deployment/migrations/0010_runtime_flags.sql,874,18,N,N,be7112caf0e12acc0367ced8758fb14187ae9502c4acd6ff519b6a1f6824c1e5,buyer-release-final/source-tree/crates/core/migrations/0010_runtime_flags.sql;buyer-release/deployment/migrations/0010_runtime_flags.sql;buyer-release/source-tree/crates/core/migrations/0010_runtime_flags.sql (+1 more)
PACKAGE-FINAL,buyer-release-final/deployment/migrations/0011_execution_claim_events.sql,1487,32,N,N,60a579e912b4becccb081dd009bd447669c74c5c462d77bb4351b92f525903b8,buyer-release-final/source-tree/crates/core/migrations/0011_execution_claim_events.sql;buyer-release/deployment/migrations/0011_execution_claim_events.sql;buyer-release/source-tree/crates/core/migrations/0011_execution_claim_events.sql (+1 more)
PACKAGE-FINAL,buyer-release-final/deployment/scripts/release-check.sh,8087,181,N,N,4e6e68600c5c79f645a884a801bbac1f180efbf03993b2b6c8bfb2b094b89878,buyer-release-final/source-tree/scripts/release-check.sh;buyer-release/deployment/scripts/release-check.sh;buyer-release/source-tree/scripts/release-check.sh (+1 more)
PACKAGE-FINAL,buyer-release-final/deployment/scripts/staking-identity.sh,9291,213,N,N,24784b9bbb32dfbddea69e3a9ae2781e8976d894f54da392f2f6bfc78e560a53,buyer-release-final/source-tree/scripts/staking-identity.sh;sniper-suite/scripts/staking-identity.sh
PACKAGE-FINAL,buyer-release-final/deployment/scripts/verify-delivery.sh,7062,155,N,N,5b73b1e244ede10c20cd7f1531138a8cac1ef286e38c1b80803ecdd3c4e5b8f3,buyer-release-final/source-tree/scripts/verify-delivery.sh;buyer-release/deployment/scripts/verify-delivery.sh;buyer-release/source-tree/scripts/verify-delivery.sh (+1 more)
PACKAGE-FINAL,buyer-release-final/docker/BLOCKED-NOTE.md,990,18,N,N,9d25cc7e58ab9045cee6ceca012e104213fab0b1c853c19a2ccf9435397047df,buyer-release/docker/BLOCKED-NOTE.md
PACKAGE-FINAL,buyer-release-final/docs/ACCEPTANCE-CHECKLIST.md,7447,135,N,N,267aec5e1a44c1d3c1812050baa450f943d7b1f822aab4c844d500d8cae0467f,buyer-release-final/source-tree/docs/ACCEPTANCE-CHECKLIST.md;buyer-release/docs/ACCEPTANCE-CHECKLIST.md;buyer-release/source-tree/docs/ACCEPTANCE-CHECKLIST.md (+1 more)
PACKAGE-FINAL,buyer-release-final/docs/API.md,5081,109,N,N,4a02c0b00f60881a9b0b063fc9120a720a667aaa41b85482125389793f4f75a4,buyer-release-final/source-tree/docs/API.md;buyer-release/docs/API.md;buyer-release/source-tree/docs/API.md (+1 more)
PACKAGE-FINAL,buyer-release-final/docs/ARCHITECTURE.md,6555,101,N,N,86951393588459b3ea923825dd5118669cffcde4950ab38a734d334f28709a39,buyer-release-final/source-tree/docs/ARCHITECTURE.md;buyer-release/docs/ARCHITECTURE.md;buyer-release/source-tree/docs/ARCHITECTURE.md (+1 more)
PACKAGE-FINAL,buyer-release-final/docs/ARCHIVE-CHECKLIST.md,5216,106,N,N,cb970bb75c8042c77bbf4a7176a774609f55fc84a749f38fe8ea1608324be2aa,buyer-release-final/source-tree/docs/ARCHIVE-CHECKLIST.md;buyer-release/docs/ARCHIVE-CHECKLIST.md;buyer-release/source-tree/docs/ARCHIVE-CHECKLIST.md (+1 more)
PACKAGE-FINAL,buyer-release-final/docs/BACKUP-RESTORE.md,6554,130,N,N,3c15125c97ba42771f8223a6dc8ad8ae1a935b8b8df7bf2a9c3d6a274dad4df1,buyer-release-final/source-tree/docs/BACKUP-RESTORE.md;buyer-release/docs/BACKUP-RESTORE.md;buyer-release/source-tree/docs/BACKUP-RESTORE.md (+1 more)
PACKAGE-FINAL,buyer-release-final/docs/BUYER-ACCEPTANCE-TEST.md,17932,266,N,N,c77ff99c5c4bbb1161b29e8f7b88440b9cfe0fe07d2d2900b0c30add2d141642,buyer-release-final/source-tree/docs/BUYER-ACCEPTANCE-TEST.md;sniper-suite/docs/BUYER-ACCEPTANCE-TEST.md
PACKAGE-FINAL,buyer-release-final/docs/BUYER-DEPLOYMENT.md,9194,207,N,N,49bc417e3fd3c66ba48099defdd538e973c7abd6cf6bbbc02cdbdb8d16423d54,buyer-release-final/source-tree/docs/BUYER-DEPLOYMENT.md;buyer-release/docs/BUYER-DEPLOYMENT.md;buyer-release/source-tree/docs/BUYER-DEPLOYMENT.md (+1 more)
PACKAGE-FINAL,buyer-release-final/docs/BUYER-DUE-DILIGENCE.md,10973,98,N,N,12e4067647dd9c4c3f75600d8cd389c5abd19d43f7a8bc8ce65be571b60c27a7,buyer-release-final/source-tree/docs/BUYER-DUE-DILIGENCE.md;buyer-release/docs/BUYER-DUE-DILIGENCE.md;buyer-release/source-tree/docs/BUYER-DUE-DILIGENCE.md (+1 more)
PACKAGE-FINAL,buyer-release-final/docs/BUYER-FAQ.md,9165,161,N,N,6e8d33950c5469fa94b2e767094883e10d3eec9067ff2112931a3111b46b7715,buyer-release-final/source-tree/docs/BUYER-FAQ.md;buyer-release/docs/BUYER-FAQ.md;buyer-release/source-tree/docs/BUYER-FAQ.md (+1 more)
PACKAGE-FINAL,buyer-release-final/docs/BUYER-OVERVIEW.md,12951,225,N,N,f47ab17528c5c952c2c98e3ee755e441d6a9058079b14e0e1b1af5ae121fa04d,buyer-release-final/source-tree/docs/BUYER-OVERVIEW.md;buyer-release/docs/BUYER-OVERVIEW.md;buyer-release/source-tree/docs/BUYER-OVERVIEW.md (+1 more)
PACKAGE-FINAL,buyer-release-final/docs/BUYER-QUICKSTART.md,7881,221,N,N,f4b07c1be1936ee9b23854a5697bf4b3bbd08236ec3c808aaee43f22d2f94046,buyer-release-final/source-tree/docs/BUYER-QUICKSTART.md;buyer-release/docs/BUYER-QUICKSTART.md;buyer-release/source-tree/docs/BUYER-QUICKSTART.md (+1 more)
PACKAGE-FINAL,buyer-release-final/docs/BUYER-REPRODUCTION-GUIDE.md,10566,265,N,N,bca076b059c76448eae042acdb37869cbf098dc3fa2f0f60f51b19da4255c27c,buyer-release-final/source-tree/docs/BUYER-REPRODUCTION-GUIDE.md;sniper-suite/docs/BUYER-REPRODUCTION-GUIDE.md
PACKAGE-FINAL,buyer-release-final/docs/BUYER-RISK-REGISTER.md,9083,42,N,N,63ea3fe9c8c5d484e1578bd14d24611819f7c402bc5f4c7e697f36e39093364d,buyer-release-final/source-tree/docs/BUYER-RISK-REGISTER.md;buyer-release/docs/BUYER-RISK-REGISTER.md;buyer-release/source-tree/docs/BUYER-RISK-REGISTER.md (+1 more)
PACKAGE-FINAL,buyer-release-final/docs/CAPABILITY-MATRIX.md,12711,66,N,N,6fd356c24fc2c9a04250c1efa8fd263cd593f6e8b04ce6a0e7898d3a2612fdda,buyer-release-final/source-tree/docs/CAPABILITY-MATRIX.md;buyer-release/docs/CAPABILITY-MATRIX.md;buyer-release/source-tree/docs/CAPABILITY-MATRIX.md (+1 more)
PACKAGE-FINAL,buyer-release-final/docs/CI-LOCAL-EQUIVALENCE.md,5097,66,N,N,82480503990541af20be3057c00aaf83b157c4ca63e3cfa51c89a0116252d36b,buyer-release-final/ci/CI-LOCAL-EQUIVALENCE.md;buyer-release-final/source-tree/docs/CI-LOCAL-EQUIVALENCE.md;buyer-release/ci/CI-LOCAL-EQUIVALENCE.md (+3 more)
PACKAGE-FINAL,buyer-release-final/docs/DELIVERY-MANIFEST.md,11209,115,N,N,966e9e5a168120c145a71fbcacc4e8fb368089d020a18de216b9920271216d0f,buyer-release-final/source-tree/docs/DELIVERY-MANIFEST.md;sniper-suite/docs/DELIVERY-MANIFEST.md
PACKAGE-FINAL,buyer-release-final/docs/DEMO-RUNBOOK.md,10889,220,N,N,0cd36f64d3e964828e6fc1911f3f68d51a9b29d10a99cc07d90b5f95fa430b08,buyer-release-final/source-tree/docs/DEMO-RUNBOOK.md;buyer-release/docs/DEMO-RUNBOOK.md;buyer-release/source-tree/docs/DEMO-RUNBOOK.md (+1 more)
PACKAGE-FINAL,buyer-release-final/docs/DEPLOYMENT.md,4327,98,N,N,736d427563c0a168ffd3f7ac365ade133e61b1f62c3d16748285e1fd8a70bbdd,buyer-release-final/source-tree/docs/DEPLOYMENT.md;buyer-release/docs/DEPLOYMENT.md;buyer-release/source-tree/docs/DEPLOYMENT.md (+1 more)
PACKAGE-FINAL,buyer-release-final/docs/DISTRIBUTED.md,21861,350,N,N,e2dd1eaf0597b44ce6b073ad1533bfd766491ee619dc10b9a436f4e3fdf2a8d7,buyer-release-final/source-tree/docs/DISTRIBUTED.md;buyer-release/docs/DISTRIBUTED.md;buyer-release/source-tree/docs/DISTRIBUTED.md (+1 more)
PACKAGE-FINAL,buyer-release-final/docs/EVIDENCE-INDEX.md,14286,115,N,N,ccf0a97874adface1e67ad501c47faf919d340b4529a1b729900c8fd26d9a1aa,buyer-release-final/source-tree/docs/EVIDENCE-INDEX.md;sniper-suite/docs/EVIDENCE-INDEX.md
PACKAGE-FINAL,buyer-release-final/docs/FEATURE-TRACEABILITY.md,13490,111,N,N,27fee1a5408b98fe26aa814469b50aba733a0e12c8592cee918163b49b1be5d0,buyer-release-final/source-tree/docs/FEATURE-TRACEABILITY.md;sniper-suite/docs/FEATURE-TRACEABILITY.md
PACKAGE-FINAL,buyer-release-final/docs/FINAL-DELIVERY.md,14177,226,N,N,92448f843d85b07626fed1cb27d1dce02b45c83b7c81a088fe520ae081dc569a,buyer-release-final/source-tree/docs/FINAL-DELIVERY.md;buyer-release/docs/FINAL-DELIVERY.md;buyer-release/source-tree/docs/FINAL-DELIVERY.md (+1 more)
PACKAGE-FINAL,buyer-release-final/docs/FINAL-INCIDENT-RUNBOOK.md,12364,251,N,N,fc90fc45b2f7d0ad6d248ac0f3040b4ce9c9573b10ff83b7c79ec2638467babd,buyer-release-final/source-tree/docs/FINAL-INCIDENT-RUNBOOK.md;sniper-suite/docs/FINAL-INCIDENT-RUNBOOK.md
PACKAGE-FINAL,buyer-release-final/docs/FINAL-IP-AND-THIRD-PARTY-INVENTORY.md,7489,101,N,N,3125ecbfeffc1d68c79ef0667b7199514ee0236010074e5ced5df76271c0c2e2,buyer-release-final/source-tree/docs/FINAL-IP-AND-THIRD-PARTY-INVENTORY.md;sniper-suite/docs/FINAL-IP-AND-THIRD-PARTY-INVENTORY.md
PACKAGE-FINAL,buyer-release-final/docs/FINAL-KNOWN-LIMITATIONS.md,6508,119,N,N,ec71e66757c57c09d68c75fa91bd17a1abcfcef6969a743ab7eaece9c112527b,buyer-release-final/source-tree/docs/FINAL-KNOWN-LIMITATIONS.md;sniper-suite/docs/FINAL-KNOWN-LIMITATIONS.md
PACKAGE-FINAL,buyer-release-final/docs/FINAL-OPERATIONS-HANDOVER.md,9852,188,N,N,b9d0ad24289d516e69ed6db4ecac185a0c7cec5f69f82ffe856f9356ca9e182b,buyer-release-final/source-tree/docs/FINAL-OPERATIONS-HANDOVER.md;sniper-suite/docs/FINAL-OPERATIONS-HANDOVER.md
PACKAGE-FINAL,buyer-release-final/docs/FINAL-RELEASE-AUDIT.md,16926,194,N,N,62e8a9e08eebc5f4456412ae417a8b78733b81d43080141ec978e9e7e95b9d37,buyer-release-final/source-tree/docs/FINAL-RELEASE-AUDIT.md;sniper-suite/docs/FINAL-RELEASE-AUDIT.md
PACKAGE-FINAL,buyer-release-final/docs/HANDOVER.md,9300,165,N,N,d0f4cabbb4a9d336686e7adc235e74c4ac4b60b946e961a3585ec3714598206c,buyer-release-final/source-tree/docs/HANDOVER.md;buyer-release/docs/HANDOVER.md;buyer-release/source-tree/docs/HANDOVER.md (+1 more)
PACKAGE-FINAL,buyer-release-final/docs/IP-COMPONENTS.md,13801,259,N,N,d2e3e43dfc29e0278fff6fedbd1d6239b55632a2f1ee865f14d0432883c2ee12,buyer-release-final/source-tree/docs/IP-COMPONENTS.md;buyer-release/docs/IP-COMPONENTS.md;buyer-release/source-tree/docs/IP-COMPONENTS.md (+1 more)
PACKAGE-FINAL,buyer-release-final/docs/LIVE-VALIDATION.md,7882,174,N,N,9eece8b46e2d08d1c05dd4e26e995f23aa44a6f2132b3153ddd048f9e09075d2,buyer-release-final/source-tree/docs/LIVE-VALIDATION.md;buyer-release/docs/LIVE-VALIDATION.md;buyer-release/source-tree/docs/LIVE-VALIDATION.md (+1 more)
PACKAGE-FINAL,buyer-release-final/docs/MODULES.md,6239,115,N,N,e7206730e2449a8100e92e802fa853ba1eb082fd84e9d7132c604d57db6ad5c6,buyer-release-final/source-tree/docs/MODULES.md;buyer-release/docs/MODULES.md;buyer-release/source-tree/docs/MODULES.md (+1 more)
PACKAGE-FINAL,buyer-release-final/docs/OPERATIONS.md,5741,125,N,N,03347d3af66108a976344499b5fb96eee04c257ca2d688c8d892453aeb2f5088,buyer-release-final/source-tree/docs/OPERATIONS.md;buyer-release/docs/OPERATIONS.md;buyer-release/source-tree/docs/OPERATIONS.md (+1 more)
PACKAGE-FINAL,buyer-release-final/docs/RECONCILIATION.md,23013,379,N,N,dc339ab78919268d3df213333750d1a1f9edb12e6f12692d84b6e2fe564cf275,buyer-release-final/source-tree/docs/RECONCILIATION.md;buyer-release/docs/RECONCILIATION.md;buyer-release/source-tree/docs/RECONCILIATION.md (+1 more)
PACKAGE-FINAL,buyer-release-final/docs/RELEASE-NOTES-0.1.0.md,6340,112,N,N,8659c884dd7ed4340bc8b63c7535128873eec08aeac0c980438d3528582bdca5,buyer-release-final/source-tree/docs/RELEASE-NOTES-0.1.0.md;buyer-release/docs/RELEASE-NOTES-0.1.0.md;buyer-release/source-tree/docs/RELEASE-NOTES-0.1.0.md (+1 more)
PACKAGE-FINAL,buyer-release-final/docs/RELEASE.md,7644,140,N,N,c04417bd77ae2f857f1301f6b2d4f7c909433f8e7008bcbe2deba67b610ff20f,buyer-release-final/source-tree/docs/RELEASE.md;buyer-release/docs/RELEASE.md;buyer-release/source-tree/docs/RELEASE.md (+1 more)
PACKAGE-FINAL,buyer-release-final/docs/REPOSITORY-MAP.md,14317,214,N,N,f01ac103e72a679ec49535862d7e7d68a6fef762d2c0b13c2895cee7cc750a38,buyer-release-final/source-tree/docs/REPOSITORY-MAP.md;sniper-suite/docs/REPOSITORY-MAP.md
PACKAGE-FINAL,buyer-release-final/docs/SCOPE-BOUNDARY.md,5393,99,N,N,848089c2474124d93a90b4aadc89f32207feca836cc9d1c579977acc6ab1ab59,buyer-release-final/source-tree/docs/SCOPE-BOUNDARY.md;buyer-release/docs/SCOPE-BOUNDARY.md;buyer-release/source-tree/docs/SCOPE-BOUNDARY.md (+1 more)
PACKAGE-FINAL,buyer-release-final/docs/SECURITY-BOUNDARY-MAP.md,10619,187,N,N,d03bf2ada88ba989f7096e13294415b9fe8b69fd66b533a6cc94f32c9bbd9867,buyer-release-final/source-tree/docs/SECURITY-BOUNDARY-MAP.md;sniper-suite/docs/SECURITY-BOUNDARY-MAP.md
PACKAGE-FINAL,buyer-release-final/docs/SECURITY.md,7194,104,N,N,3b9723fa423ae018aa37ae9a91b3cbd1deffe0da8bb75ede269ed929930757ba,buyer-release-final/source-tree/docs/SECURITY.md;buyer-release/source-tree/docs/SECURITY.md;sniper-suite/docs/SECURITY.md
PACKAGE-FINAL,buyer-release-final/docs/SELLER-FACT-SHEET.md,8639,163,N,N,679bb3ceb4c98fbfa6af87884ac90246cc90e397bed6adf5d44e70b707d56c10,buyer-release-final/source-tree/docs/SELLER-FACT-SHEET.md;buyer-release/docs/SELLER-FACT-SHEET.md;buyer-release/source-tree/docs/SELLER-FACT-SHEET.md (+1 more)
PACKAGE-FINAL,buyer-release-final/docs/SELLING-LISTING-SOURCE.md,9175,171,N,N,644a2d772dd639777bd2f316a6465ee103c119bc4cad5240372c571eb4674eb2,buyer-release-final/source-tree/docs/SELLING-LISTING-SOURCE.md;buyer-release/docs/SELLING-LISTING-SOURCE.md;buyer-release/source-tree/docs/SELLING-LISTING-SOURCE.md (+1 more)
PACKAGE-FINAL,buyer-release-final/docs/STAKING.md,9127,157,N,N,ecf9fc404ff2ad5c1821d6c7d1e76aaf8eefd7706be84a956d52ac406458ed90,buyer-release-final/source-tree/docs/STAKING.md;buyer-release/docs/STAKING.md;buyer-release/source-tree/docs/STAKING.md (+1 more)
PACKAGE-FINAL,buyer-release-final/docs/SUPPORT-HANDOVER.md,6571,133,N,N,6fe3f35da7cae943177b191efa8841a8273b97ece516f177dc2c349c393353d6,buyer-release-final/source-tree/docs/SUPPORT-HANDOVER.md;buyer-release/docs/SUPPORT-HANDOVER.md;buyer-release/source-tree/docs/SUPPORT-HANDOVER.md (+1 more)
PACKAGE-FINAL,buyer-release-final/docs/TECHNICAL-DIFFERENTIATORS.md,7796,140,N,N,32f433294114138a56c3098475595fd59f9b1849f477231f26e9bb17a6dc7f6b,buyer-release-final/source-tree/docs/TECHNICAL-DIFFERENTIATORS.md;buyer-release/docs/TECHNICAL-DIFFERENTIATORS.md;buyer-release/source-tree/docs/TECHNICAL-DIFFERENTIATORS.md (+1 more)
PACKAGE-FINAL,buyer-release-final/docs/TECHNICAL-FACT-SHEET.md,9132,151,N,N,5b849950ace6ef52f3b582305e020178768f39efa225f4ae2c2feb7fd4b10c41,buyer-release-final/source-tree/docs/TECHNICAL-FACT-SHEET.md;buyer-release/docs/TECHNICAL-FACT-SHEET.md;buyer-release/source-tree/docs/TECHNICAL-FACT-SHEET.md (+1 more)
PACKAGE-FINAL,buyer-release-final/docs/TESTING.md,9849,144,N,N,d8accf370e746902d04972e55dc6488bc457b7714373bfa02b2f864a2ce1ea8c,buyer-release-final/source-tree/docs/TESTING.md;buyer-release/docs/TESTING.md;buyer-release/source-tree/docs/TESTING.md (+1 more)
PACKAGE-FINAL,buyer-release-final/docs/THIRD-PARTY.md,6339,125,N,N,9110146aa3d39358f5de004e39fe8a972bc79c208dbb21bfba2981c39324d7d1,buyer-release-final/source-tree/docs/THIRD-PARTY.md;buyer-release/docs/THIRD-PARTY.md;buyer-release/source-tree/docs/THIRD-PARTY.md (+1 more)
PACKAGE-FINAL,buyer-release-final/evidence/app-startup/phase8b-app.log,3951,24,N,N,76b6cfb55eb7b50b83017890370e09f26714533aae376ad44a21bbf62da164c5,buyer-release/evidence/app-startup/phase8b-app.log;evidence/phase8b-app.log
PACKAGE-FINAL,buyer-release-final/evidence/app-startup/phase8b-endpoints.log,2043,28,N,N,219eef783515322f65208c7239c6642f7efebffeab35c715e4046c491ad0e642,buyer-release/evidence/app-startup/phase8b-endpoints.log;evidence/phase8b-endpoints.log
PACKAGE-FINAL,buyer-release-final/evidence/app-startup/phase8b-main.log,2365,35,N,N,c2d935ee0fc05d09cf8e5d6d6951332416f59e690b65783ca4d80b221572bb6e,buyer-release-final/database/phase8b-main.log;buyer-release/evidence/app-startup/phase8b-main.log;evidence/phase8b-main.log
PACKAGE-FINAL,buyer-release-final/evidence/app-startup/phase8b-shutdown.log,572,6,N,N,2b244c726269dae1e38995d1bef608c20cd7cd8574bcfbf318ad33562febf8b5,buyer-release/evidence/app-startup/phase8b-shutdown.log;evidence/phase8b-shutdown.log
PACKAGE-FINAL,buyer-release-final/evidence/compile-logs/phase2-check.log,25,1,N,N,efbf5de364ec86882a953708a039f5c90dbc0d29c48f21782781c750862067e1,buyer-release/evidence/compile-logs/phase2-check.log;evidence/phase2-check.log
PACKAGE-FINAL,buyer-release-final/evidence/compile-logs/phase2-fmt.log,23,1,N,N,3c0ce9816089e497551df8bcb2e637640263be5e71aec7c184cbc84e582611d6,buyer-release/evidence/compile-logs/phase2-fmt.log;evidence/phase2-fmt.log
PACKAGE-FINAL,buyer-release-final/evidence/compile-logs/phase3-sbf-determinism-rerun.log,19147,424,N,N,7b53e7baa7e17bd35befdf6784221b1c27a7331db7f0429ca4ffbfb9f34e5694,buyer-release/evidence/compile-logs/phase3-sbf-determinism-rerun.log;evidence/phase3-sbf-determinism-rerun.log
PACKAGE-FINAL,buyer-release-final/evidence/compile-logs/phase3-sbf-rebuild.log,16844,373,N,N,fcbec59de6589bc931e57c8846044fc739e4b2a215373da3bc19bb60b1059d6f,buyer-release/evidence/compile-logs/phase3-sbf-rebuild.log;evidence/phase3-sbf-rebuild.log
PACKAGE-FINAL,buyer-release-final/evidence/gates/phase7-identity-verify.log,1269,22,N,N,9a601fde7306fb2af608f9c4365781dd73c9fb74562c7494ed46cd03ed5f1385,evidence/phase7-identity-verify.log
PACKAGE-FINAL,buyer-release-final/evidence/gates/release-check-final.log,2351381,34597,N,N,ec269724551d8d0d0b723504bf301d007e463b51017ecfa784fe27058c58377b,buyer-release/evidence/gates/release-check-final.log;evidence/release-check-final.log
PACKAGE-FINAL,buyer-release-final/evidence/gates/verify-delivery-final.log,539,10,N,N,9d6ba418074a6eef752d63cde13cad8169f0d0f3178ae37a021d300f65a48c3c,buyer-release/evidence/gates/verify-delivery-final.log;evidence/verify-delivery-final.log
PACKAGE-FINAL,buyer-release-final/evidence/handover/placeholder-scan-raw.json,47779,1661,N,N,3eeb6196f402531964acaf27779306028a4f19feeaa9458d49af277c26c75648,evidence/handover/placeholder-scan-raw.json
PACKAGE-FINAL,buyer-release-final/evidence/handover/adversarial-audit/INDEX.md,1893,30,N,N,5c9667c72f7ce1b06a5d5c701113e6ba9afa5e6cc36a5373d6edc27868c7c427,
PACKAGE-FINAL,buyer-release-final/evidence/handover/adversarial-audit/rule1-inventory.log,3841,67,N,N,10ec4115f0befcc96fd3fbf035e9c7485c97fbe5b5a9f5fb624eb4d2f0c74487,work/adversarial-audit/rule1-inventory.log
PACKAGE-FINAL,buyer-release-final/evidence/handover/adversarial-audit/rule10-11-17.log,10699,151,N,N,17e267bb78bd37237e77e3eb93d998bdf9ce76e36af2c07e7293e35b014b4716,work/adversarial-audit/rule10-11-17.log
PACKAGE-FINAL,buyer-release-final/evidence/handover/adversarial-audit/rule12-16-18-20.log,7195,119,N,N,16228e5383f123c94c686af3dfd7bc47e58fdc2ccb99335d40973b4f1a71bdd0,work/adversarial-audit/rule12-16-18-20.log
PACKAGE-FINAL,buyer-release-final/evidence/handover/adversarial-audit/rule14-15-18b.log,18930,307,N,N,d062e873b6ffb1dcd4290d8619cd38f8fbe3c7a73e3f14e47e3322083345c578,work/adversarial-audit/rule14-15-18b.log
PACKAGE-FINAL,buyer-release-final/evidence/handover/adversarial-audit/rule2-source-change.log,980,27,N,N,58160d985786bf02d325aed8430f4ce3b65dd6f90a5c9f31b18e64e04c562c73,work/adversarial-audit/rule2-source-change.log
PACKAGE-FINAL,buyer-release-final/evidence/handover/adversarial-audit/rule21-verify-delivery-current-tree.log,638,12,N,N,d6d1a59dc3fae6031d13e1300e5d92dd2b194cc49939c6e8a42ccbdac390bc60,work/adversarial-audit/rule21-verify-delivery-current-tree.log
PACKAGE-FINAL,buyer-release-final/evidence/handover/adversarial-audit/rule21-verify-delivery-postfix.log,645,12,N,N,031a6edd03eb39dafc8e155fe873876edb7c26729dc154b447641651749c9e5b,work/adversarial-audit/rule21-verify-delivery-postfix.log
PACKAGE-FINAL,buyer-release-final/evidence/handover/adversarial-audit/rule3-evidence-mapping.log,5127,68,N,N,fd6d5a62ae615a4a09b9ae0c1c7181b7a51bdc0b549798eaea7b0957abf19faf,work/adversarial-audit/rule3-evidence-mapping.log
PACKAGE-FINAL,buyer-release-final/evidence/handover/adversarial-audit/rule3-logs-investigation.log,5497,100,N,N,02793b9b2f5c226754d3681d55ee36bf4073870f81cf33773822ed742c244dcf,work/adversarial-audit/rule3-logs-investigation.log
PACKAGE-FINAL,buyer-release-final/evidence/handover/adversarial-audit/rule3-rule4.log,2083,39,N,N,453d731328a3ad6dce9607e66a5100b2b9bb95fea909f78f5395440689e61e96,work/adversarial-audit/rule3-rule4.log
PACKAGE-FINAL,buyer-release-final/evidence/handover/adversarial-audit/rule3b-discrepancies.log,2583,55,N,N,adcbc08c5b8a86041de3bfb7c51be05d90be3f75781474f80c44e7def8c7872d,work/adversarial-audit/rule3b-discrepancies.log
PACKAGE-FINAL,buyer-release-final/evidence/handover/adversarial-audit/rule5-9.log,3512,82,N,N,639f13e3ffb474dde4a074680325d496786d902acc1f72763561b7d98add6540,work/adversarial-audit/rule5-9.log
PACKAGE-FINAL,buyer-release-final/evidence/handover/adversarial-audit/rule8-9.log,1422,29,N,N,36eacd400323f1bee5fbd1a6bf8ced408d9ac4ac43c25e90ca5748ef58385d4a,work/adversarial-audit/rule8-9.log
PACKAGE-FINAL,buyer-release-final/evidence/inventory/cargo-metadata.json,3575950,1,N,N,6c8b81cdb51b3d317273cc6dc49d25f0100630314beb70d35fccf3d34a2bfb95,buyer-release/evidence/inventory/cargo-metadata.json;evidence/cargo-metadata.json
PACKAGE-FINAL,buyer-release-final/evidence/inventory/ledger.csv,21038,37,N,N,d0a461b750e8e0b43443361652f0827b7f48020d6cd764d70687ec1cdd533dce,evidence/ledger.csv
PACKAGE-FINAL,buyer-release-final/evidence/inventory/package-completeness-final.csv,42185,186,N,N,6f9232667b8f351fbdf867b6167aef8168e4963231bc541bdadb93a24bb09fa9,evidence/package-completeness-final.csv
PACKAGE-FINAL,buyer-release-final/evidence/inventory/source-inventory.csv,19251,184,N,N,7f77a5a134b0b758d1abd5f78f63601514d039cc39f35b6633b14ba7b004065b,evidence/source-inventory.csv
PACKAGE-FINAL,buyer-release-final/evidence/inventory/source-inventory.json,31366,1113,N,N,7995645f360cc9692b18968820da77e3d09d7ca7269969919a187752d9569bf4,evidence/source-inventory.json
PACKAGE-FINAL,buyer-release-final/evidence/sbom/cargo-tree-app.txt,21143,894,N,N,97ccf999495909a4525e8dcd2311998d117925a1002a1695008e1e84319f1904,buyer-release/evidence/sbom/cargo-tree-app.txt;evidence/sbom/cargo-tree-app.txt
PACKAGE-FINAL,buyer-release-final/evidence/sbom/sbom-summary.log,504,12,N,N,ad8e10e1e1a2aa5e59bbcca754eecc0e34096745fce62b6945ad1003fba2b48c,buyer-release/evidence/sbom/sbom-summary.log;evidence/sbom/sbom-summary.log
PACKAGE-FINAL,buyer-release-final/evidence/sbom/cargo-tree-staking.txt,16501,714,N,N,e68b14628248a1f183e4349eccdb346935ea434764f0df022504df7d4e5b5ebc,buyer-release/evidence/sbom/cargo-tree-staking.txt;evidence/sbom/cargo-tree-staking.txt
PACKAGE-FINAL,buyer-release-final/evidence/tests/phase2-staking-clippy.log,15416,449,N,N,0cb578a90357976134675c9f63dccd57e4dd796a5217bd4214e7eea990b401ea,buyer-release/evidence/tests/phase2-staking-clippy.log;evidence/phase2-staking-clippy.log
PACKAGE-FINAL,buyer-release-final/evidence/tests/phase2-test-workspace-allfeat.log,38985,700,N,N,8942836c46d002c6ed93c02a2a41cfa5578b6789ff5e6481fa8ab007fea7a1b9,buyer-release/evidence/tests/phase2-test-workspace-allfeat.log;evidence/phase2-test-workspace-allfeat.log
PACKAGE-FINAL,buyer-release-final/evidence/tests/phase2-test-workspace.log,44958,879,N,N,9fcb604bc791141ad1838b20b32c4a9a87298cd721cd63e98bc8de26f1bc99ef,buyer-release/evidence/tests/phase2-test-workspace.log;evidence/phase2-test-workspace.log
PACKAGE-FINAL,buyer-release-final/evidence/tests/phase5-capmeta-final.log,327,8,N,N,1ed3bf4773434800a06351afa655dda41a40a0ea75fb008c27baec52119fcf41,buyer-release/evidence/tests/phase5-capmeta-final.log;evidence/phase5-capmeta-final.log
PACKAGE-FINAL,buyer-release-final/evidence/tests/phase5-capmeta-fix.log,1816,19,N,N,27700fd07b7986620d6b05797b8d116025372c96242f6ba688878e7da4e23a92,buyer-release/evidence/tests/phase5-capmeta-fix.log;evidence/phase5-capmeta-fix.log
PACKAGE-FINAL,buyer-release-final/evidence/tests/phase5-capmeta-retry.log,1652,18,N,N,04b1e295ebd6bba37856a23045792938b7db3e17c229b9729b55c5a12b82147b,buyer-release/evidence/tests/phase5-capmeta-retry.log;evidence/phase5-capmeta-retry.log
PACKAGE-FINAL,buyer-release-final/evidence/tests/phase5-full-batch.log,432,10,N,N,358c4eacad5c6acd864f6a19c5286fa0c35d938f193cf2bb239eac81130caa24,buyer-release/evidence/tests/phase5-full-batch.log;evidence/phase5-full-batch.log
PACKAGE-FINAL,buyer-release-final/evidence/tests/phase5-funded-retry.log,799,18,N,N,fc71f5550edd64a14d56441d09f9b6f61c40ba7856811a818e426757a4953d0f,buyer-release/evidence/tests/phase5-funded-retry.log;evidence/phase5-funded-retry.log
PACKAGE-FINAL,buyer-release-final/evidence/tests/phase5-funded-retry2.log,797,18,N,N,60c0d57be195ff5d1fe87dee8db68707ddd6ea11931c4f1c8b205964cdecc2ab,buyer-release/evidence/tests/phase5-funded-retry2.log;evidence/phase5-funded-retry2.log
PACKAGE-FINAL,buyer-release-final/evidence/tests/phase5-governance-retry.log,324,8,N,N,4a3008c26ce836c652dc9ab962ccdb89ea59769c7350a22a414c0926fa1b3944,buyer-release/evidence/tests/phase5-governance-retry.log;evidence/phase5-governance-retry.log
PACKAGE-FINAL,buyer-release-final/evidence/tests/phase5-validator-e2e.log,18820,535,N,N,7c1b4823f2019692c9dfc47ec69f31ebccb1686b9bae6e0d3652faefd197777c,buyer-release/evidence/tests/phase5-validator-e2e.log;evidence/phase5-validator-e2e.log
PACKAGE-FINAL,buyer-release-final/evidence/tests/phase8-6-restored-rerun.log,1494,30,N,N,8523a3d8467f0bc0910c591278696303baa669b8eb54fcfd52b6f20536309ad6,buyer-release/evidence/db/phase8-6-restored-rerun.log;evidence/phase8-6-restored-rerun.log
PACKAGE-FINAL,buyer-release-final/manifests/release-manifest.json,9462,116,N,N,ddcd8f270ee9f020d2ab5813a2e9ccdfbe63abbdff93bea435e773186f22f7d3,buyer-release-final/source-tree/release-manifest.json;sniper-suite/release-manifest.json
PACKAGE-FINAL,buyer-release-final/manifests/BUYER-RELEASE-MANIFEST-hardening-pass-HISTORICAL.json,8824,107,N,N,d8f6ec240c61fe5aae5c069bf2264cd4c21e8766bb899e17a48400f47fb007fb,buyer-release/BUYER-RELEASE-MANIFEST.json
PACKAGE-FINAL,buyer-release-final/provenance/SOURCE-PROVENANCE.json,38350,1345,N,N,c0377a123ed5bd2a0a3e8850d5a6d0be378f2cb65a5d6da4db0c471e73b8f721,evidence/provenance/SOURCE-PROVENANCE.json
PACKAGE-FINAL,buyer-release-final/provenance/SOURCE-PROVENANCE.md,4072,95,N,N,85ec040094bb3e90963f8c0c7f421512d4c97cab85107a37bb2edbe2a5361e3f,evidence/provenance/SOURCE-PROVENANCE.md
PACKAGE-FINAL,buyer-release-final/security/audit-app.log,2465,85,N,N,8ecc1a0e8d8e84bcdee3e175353220cca7024748d74541ade4ce0c359f12eafe,buyer-release/evidence/security/audit-app.log;evidence/security/audit-app.log
PACKAGE-FINAL,buyer-release-final/security/audit-staking.log,2335,79,N,N,5caabc25ed315a284e1344019e2066b816628681eadea763ce755c0ce67a2009,buyer-release/evidence/security/audit-staking.log;evidence/security/audit-staking.log
PACKAGE-FINAL,buyer-release-final/security/deny.log,2213765,31170,N,N,3bc5c5103ee709805770f24aa062f1088e0cbafb90206895526e9f47c6e67337,buyer-release/evidence/security/deny.log;evidence/security/deny.log
PACKAGE-FINAL,buyer-release-final/security/static-scans.log,546,15,N,N,f730e2557f6a59c08efd4698ffc43aae2f169e76c3f6fb821b27b2e694396ad0,buyer-release/evidence/security/static-scans.log;evidence/security/static-scans.log
PACKAGE-FINAL,buyer-release-final/source-tree/.dockerignore,372,26,N,N,5f4759807021bf0413fb1f4a0b2026057f70e5e74bbbc9dd67a2b4f27e761da1,buyer-release/source-tree/.dockerignore;sniper-suite/.dockerignore
PACKAGE-FINAL,buyer-release-final/source-tree/.env.template,2964,48,N,N,040d3c09f76ef4b1f11b755bbf9a61a03a5938407d00589f9c78210d04681285,buyer-release/deployment/.env.template;buyer-release/source-tree/.env.template;sniper-suite/.env.template
PACKAGE-FINAL,buyer-release-final/source-tree/.gitignore,281,25,N,N,5574336e460432f825008f5039d58f82f5249c9c2f728d36ff4736512c67c6b1,buyer-release/source-tree/.gitignore;sniper-suite/.gitignore
PACKAGE-FINAL,buyer-release-final/source-tree/AUDIT.md,160152,1767,N,N,bf196d35f18c53c206fa9f714421c0b1584ff6aa27efecb06a14a73c10a0e90c,buyer-release/docs/AUDIT.md;buyer-release/source-tree/AUDIT.md;sniper-suite/AUDIT.md
PACKAGE-FINAL,buyer-release-final/source-tree/CHANGELOG.md,16552,275,N,N,534a64b930f1f705a21e44fb2385373d4ba9e798ed511ce5d148de3c9a8ee22a,sniper-suite/CHANGELOG.md
PACKAGE-FINAL,buyer-release-final/source-tree/Cargo.lock,201147,8343,N,N,9740cac2a1fe01fd3dd181efd68098f968078871a6674235b7f0d4790ba4ad2f,buyer-release/source-tree/Cargo.lock;sniper-suite/Cargo.lock
PACKAGE-FINAL,buyer-release-final/source-tree/Cargo.toml,3571,107,N,N,b5a65ce4bc5a9074ad545ddcf527e675704a64c392be2acd70e24b3bd0f78038,buyer-release/source-tree/Cargo.toml;sniper-suite/Cargo.toml
PACKAGE-FINAL,buyer-release-final/source-tree/Dockerfile,2760,73,N,N,89cf34144d13cab9ddbb5dc0421ba75884ca5a0a6af6b41cd2d74ee117642c32,buyer-release-final/deployment/Dockerfile;buyer-release/deployment/Dockerfile;buyer-release/source-tree/Dockerfile (+1 more)
PACKAGE-FINAL,buyer-release-final/source-tree/LICENSE,1536,30,N,N,dd2bbeb411c4659c256df7c9b4b063fbab796e312faeaa7cb2c4af45b5719ca5,buyer-release/docs/LICENSE;buyer-release/source-tree/LICENSE;sniper-suite/LICENSE
PACKAGE-FINAL,buyer-release-final/source-tree/README.md,32317,617,N,N,a8193604499a86d4679f40ec8ff8279644594547d45feba654000ecebc00ef69,sniper-suite/README.md
PACKAGE-FINAL,buyer-release-final/source-tree/SECURITY.md,1747,43,N,N,d788db3106816b5d411c88323a959d26c2ab13b9ab61438e5bf90b3b17de0afe,buyer-release/docs/SECURITY.md;buyer-release/source-tree/SECURITY.md;sniper-suite/SECURITY.md
PACKAGE-FINAL,buyer-release-final/source-tree/VERSION,6,1,N,N,e9dd8507f4bf0c6f42458e41aea833ad0bd3f6127272335eee9bf4d58541ed67,buyer-release/docs/VERSION;buyer-release/source-tree/VERSION;sniper-suite/VERSION
PACKAGE-FINAL,buyer-release-final/source-tree/config.toml.example,18662,385,N,N,a09979e07c2b1e9f69ed0e555e30c2c24267d9db3a7384240ce685d64c00a011,buyer-release-final/deployment/config.toml.example;buyer-release/deployment/config.toml.example;buyer-release/source-tree/config.toml.example (+2 more)
PACKAGE-FINAL,buyer-release-final/source-tree/deny.toml,4075,92,N,N,80a7a1aafa9528049a4d48be3e81139c447c1eaa808e1322c1a91211ea386173,buyer-release/source-tree/deny.toml;sniper-suite/deny.toml
PACKAGE-FINAL,buyer-release-final/source-tree/docker-compose.yml,2769,79,N,N,f36bd755d8a89337095148008ecfa37ff2f60fdd08db5f5de40dc83a07a70e88,buyer-release-final/deployment/docker-compose.yml;buyer-release/deployment/docker-compose.yml;buyer-release/source-tree/docker-compose.yml (+1 more)
PACKAGE-FINAL,buyer-release-final/source-tree/release-manifest.json,9462,116,N,N,ddcd8f270ee9f020d2ab5813a2e9ccdfbe63abbdff93bea435e773186f22f7d3,buyer-release-final/manifests/release-manifest.json;sniper-suite/release-manifest.json
PACKAGE-FINAL,buyer-release-final/source-tree/rust-toolchain.toml,586,13,N,N,6bfe34c7428e778a6347cc465fed1d1ca477d2d7205f9867c73c95e1fc565477,buyer-release/source-tree/rust-toolchain.toml;sniper-suite/rust-toolchain.toml
PACKAGE-FINAL,buyer-release-final/source-tree/.cargo/audit.toml,2324,46,N,N,6754b55b5e0a34cf4a9a0250ace2c92b7fff6deb2c3e8068a849fc078d0f79c8,buyer-release/source-tree/.cargo/audit.toml;sniper-suite/.cargo/audit.toml
PACKAGE-FINAL,buyer-release-final/source-tree/.github/workflows/ci.yml,7600,211,N,N,8982dd6292e9d268ac37352877baddd89c2ddeea51c709aa9f5e5764dca60a86,buyer-release-final/ci/ci.yml;buyer-release/ci/ci.yml;buyer-release/source-tree/.github/workflows/ci.yml (+1 more)
PACKAGE-FINAL,buyer-release-final/source-tree/crates/core/Cargo.toml,780,33,N,N,5cc6f59f86a8e2bc39d254ec058f0c1000667695d8ecea7549e6c7795a9cd630,buyer-release/source-tree/crates/core/Cargo.toml;sniper-suite/crates/core/Cargo.toml
PACKAGE-FINAL,buyer-release-final/source-tree/crates/core/migrations/0001_bootstrap.sql,3432,79,N,N,45c5f0896ac9f91f9f176aa7c020a8fef80d7d752a17ff97bcb742c5862d7d08,buyer-release-final/deployment/migrations/0001_bootstrap.sql;buyer-release/deployment/migrations/0001_bootstrap.sql;buyer-release/source-tree/crates/core/migrations/0001_bootstrap.sql (+1 more)
PACKAGE-FINAL,buyer-release-final/source-tree/crates/core/migrations/0002_orders_executions.sql,4808,97,N,N,4d41335901f325fba03460603bac20c49c47e977100ada174e4473d7ebce5781,buyer-release-final/deployment/migrations/0002_orders_executions.sql;buyer-release/deployment/migrations/0002_orders_executions.sql;buyer-release/source-tree/crates/core/migrations/0002_orders_executions.sql (+1 more)
PACKAGE-FINAL,buyer-release-final/source-tree/crates/core/migrations/0003_positions_trades.sql,3791,78,N,N,0c2066804b827aabfbf9cd336094e6fb4754c4e13fec1f5e3a749c3fa6f2f40a,buyer-release-final/deployment/migrations/0003_positions_trades.sql;buyer-release/deployment/migrations/0003_positions_trades.sql;buyer-release/source-tree/crates/core/migrations/0003_positions_trades.sql (+1 more)
PACKAGE-FINAL,buyer-release-final/source-tree/crates/core/migrations/0004_dedup_risk_audit.sql,2287,49,N,N,94f03e45f7fff3c10fcbe51d56041bd020ba0345f5a7cfe06b6d47fe87e7633c,buyer-release-final/deployment/migrations/0004_dedup_risk_audit.sql;buyer-release/deployment/migrations/0004_dedup_risk_audit.sql;buyer-release/source-tree/crates/core/migrations/0004_dedup_risk_audit.sql (+1 more)
PACKAGE-FINAL,buyer-release-final/source-tree/crates/core/migrations/0005_reconciliation.sql,1548,32,N,N,7a8fbc5c1c938df4ad6cd96016ee59b2b0f3e439238d3478791a3fc17d345111,buyer-release-final/deployment/migrations/0005_reconciliation.sql;buyer-release/deployment/migrations/0005_reconciliation.sql;buyer-release/source-tree/crates/core/migrations/0005_reconciliation.sql (+1 more)
PACKAGE-FINAL,buyer-release-final/source-tree/crates/core/migrations/0006_transaction_attribution.sql,866,15,N,N,5690e5a617fdd173295312479356dc613f26cc0fc9f50a849a7fc9f20dbfea0c,buyer-release-final/deployment/migrations/0006_transaction_attribution.sql;buyer-release/deployment/migrations/0006_transaction_attribution.sql;buyer-release/source-tree/crates/core/migrations/0006_transaction_attribution.sql (+1 more)
PACKAGE-FINAL,buyer-release-final/source-tree/crates/core/migrations/0007_intent_journal.sql,1400,29,N,N,0eabc577ba64cf8cbf0e3346d6859a4fde54b80542ff903d9b6a439f8696be99,buyer-release-final/deployment/migrations/0007_intent_journal.sql;buyer-release/deployment/migrations/0007_intent_journal.sql;buyer-release/source-tree/crates/core/migrations/0007_intent_journal.sql (+1 more)
PACKAGE-FINAL,buyer-release-final/source-tree/crates/core/migrations/0008_intent_claim_kind.sql,854,18,N,N,fab129cd428416d2cacfa39a7d8ea7dbe5222feccdcd0273705427e4cb9d4894,buyer-release-final/deployment/migrations/0008_intent_claim_kind.sql;buyer-release/deployment/migrations/0008_intent_claim_kind.sql;buyer-release/source-tree/crates/core/migrations/0008_intent_claim_kind.sql (+1 more)
PACKAGE-FINAL,buyer-release-final/source-tree/crates/core/migrations/0009_execution_claims.sql,2096,42,N,N,c3588d72a6173ae6cb1f38fe43913ab20f40eee662f4277501bf0e2ea5fb3279,buyer-release-final/deployment/migrations/0009_execution_claims.sql;buyer-release/deployment/migrations/0009_execution_claims.sql;buyer-release/source-tree/crates/core/migrations/0009_execution_claims.sql (+1 more)
PACKAGE-FINAL,buyer-release-final/source-tree/crates/core/migrations/0010_runtime_flags.sql,874,18,N,N,be7112caf0e12acc0367ced8758fb14187ae9502c4acd6ff519b6a1f6824c1e5,buyer-release-final/deployment/migrations/0010_runtime_flags.sql;buyer-release/deployment/migrations/0010_runtime_flags.sql;buyer-release/source-tree/crates/core/migrations/0010_runtime_flags.sql (+1 more)
PACKAGE-FINAL,buyer-release-final/source-tree/crates/core/migrations/0011_execution_claim_events.sql,1487,32,N,N,60a579e912b4becccb081dd009bd447669c74c5c462d77bb4351b92f525903b8,buyer-release-final/deployment/migrations/0011_execution_claim_events.sql;buyer-release/deployment/migrations/0011_execution_claim_events.sql;buyer-release/source-tree/crates/core/migrations/0011_execution_claim_events.sql (+1 more)
PACKAGE-FINAL,buyer-release-final/source-tree/crates/core/src/audit.rs,9886,300,N,N,c352eaca1ea0011f2f900fbe3c3109d4a77709d3aba76dbf0640a389674da12a,buyer-release/source-tree/crates/core/src/audit.rs;sniper-suite/crates/core/src/audit.rs
PACKAGE-FINAL,buyer-release-final/source-tree/crates/core/src/auth.rs,13669,412,N,N,dfe39ecfefaf7df438ceb5c44e446b21ab6b965e501034fd29fe3198dc22454e,buyer-release/source-tree/crates/core/src/auth.rs;sniper-suite/crates/core/src/auth.rs
PACKAGE-FINAL,buyer-release-final/source-tree/crates/core/src/config.rs,79591,2123,N,N,c8860f5ea83873e1147ef6793e3d3591d45c15a222b272bd3eda6120dc4cb1fb,buyer-release/source-tree/crates/core/src/config.rs;sniper-suite/crates/core/src/config.rs
PACKAGE-FINAL,buyer-release-final/source-tree/crates/core/src/dedup.rs,11363,346,N,N,adba3eca04ee530ca8d2b698ab766804241ca6d2685244a929b77b91827972a5,buyer-release/source-tree/crates/core/src/dedup.rs;sniper-suite/crates/core/src/dedup.rs
PACKAGE-FINAL,buyer-release-final/source-tree/crates/core/src/error.rs,6207,222,N,N,6499538c52a6f24b998055c0ae68cbaa32f32aed88edcb2ed5e17e33ec70bb64,buyer-release/source-tree/crates/core/src/error.rs;sniper-suite/crates/core/src/error.rs
PACKAGE-FINAL,buyer-release-final/source-tree/crates/core/src/events.rs,13239,432,N,N,281c529a29e896b571075b5c7c601852795c15b2a822738fb241aef8d9b4a631,buyer-release/source-tree/crates/core/src/events.rs;sniper-suite/crates/core/src/events.rs
PACKAGE-FINAL,buyer-release-final/source-tree/crates/core/src/lib.rs,2386,66,N,N,e295a93aaa999e1fc55fe31bd78a76967ac86e85e206a807300b788c6bb66338,buyer-release/source-tree/crates/core/src/lib.rs;sniper-suite/crates/core/src/lib.rs
PACKAGE-FINAL,buyer-release-final/source-tree/crates/core/src/lifecycle.rs,7324,222,N,N,5ad030119cd8944efbf1c0455e56f5f423a8cfdece3ac803292dc84df360feb6,buyer-release/source-tree/crates/core/src/lifecycle.rs;sniper-suite/crates/core/src/lifecycle.rs
PACKAGE-FINAL,buyer-release-final/source-tree/crates/core/src/maths.rs,14738,471,N,N,4b702e51fae96efac982c973e75b2f9a6cab95f5c4acc74e447e0d284a5f10e9,buyer-release/source-tree/crates/core/src/maths.rs;sniper-suite/crates/core/src/maths.rs
PACKAGE-FINAL,buyer-release-final/source-tree/crates/core/src/models.rs,21434,713,N,N,cf7155f6cb91185b24b6924771f84250d054e19bcf1966ba9024ceff25207047,buyer-release/source-tree/crates/core/src/models.rs;sniper-suite/crates/core/src/models.rs
PACKAGE-FINAL,buyer-release-final/source-tree/crates/core/src/oms.rs,25118,683,N,N,bb41777cb90d7b99e6610bde2adc84a5527184430beac6d16252c6f373adeca1,buyer-release/source-tree/crates/core/src/oms.rs;sniper-suite/crates/core/src/oms.rs
PACKAGE-FINAL,buyer-release-final/source-tree/crates/core/src/ownership.rs,56819,1477,N,N,c1864724d4ad26ab78757033b668c9babe5fbe4feb2c1071a7e2bba8bed2651c,buyer-release/source-tree/crates/core/src/ownership.rs;sniper-suite/crates/core/src/ownership.rs
PACKAGE-FINAL,buyer-release-final/source-tree/crates/core/src/reconciliation.rs,32350,819,N,N,1afb0529445b8a79128d177e9fa9fbf97845cfaeb343fc98d5ac854c63b1087f,buyer-release/source-tree/crates/core/src/reconciliation.rs;sniper-suite/crates/core/src/reconciliation.rs
PACKAGE-FINAL,buyer-release-final/source-tree/crates/core/src/recovery.rs,21665,578,N,N,c53a7346eebed053d2e34689e87d16e64bc1918b53125e0b7f9d624026efe548,buyer-release/source-tree/crates/core/src/recovery.rs;sniper-suite/crates/core/src/recovery.rs
PACKAGE-FINAL,buyer-release-final/source-tree/crates/core/src/redis_kv.rs,10520,295,N,N,8f058b91246d6ed3389533631205e4638ff192a75fab00c56ccde1f470f6e32d,buyer-release/source-tree/crates/core/src/redis_kv.rs;sniper-suite/crates/core/src/redis_kv.rs
PACKAGE-FINAL,buyer-release-final/source-tree/crates/core/src/redis_ownership.rs,18883,519,N,N,0345895b0069e48436554eb1180b33a6c6e7b7ce0205b13140ef8095b12b694f,buyer-release/source-tree/crates/core/src/redis_ownership.rs;sniper-suite/crates/core/src/redis_ownership.rs
PACKAGE-FINAL,buyer-release-final/source-tree/crates/core/src/risk.rs,34833,969,N,N,08b06010723e3d1e10ca33d618f66750a4374c3164e49aca3bd28154733b9562,buyer-release/source-tree/crates/core/src/risk.rs;sniper-suite/crates/core/src/risk.rs
PACKAGE-FINAL,buyer-release-final/source-tree/crates/core/src/state.rs,61788,1677,N,N,a9769bbef4afcb2f0fa946a583f4c4e827b413994c7b3d1cac66f9bfccef3dec,buyer-release/source-tree/crates/core/src/state.rs;sniper-suite/crates/core/src/state.rs
PACKAGE-FINAL,buyer-release-final/source-tree/crates/core/src/storage.rs,6186,193,N,N,606ef3c0c6e9d301fa6938b220c5b915bdfaaa7519867223098886abbf2cc249,buyer-release/source-tree/crates/core/src/storage.rs;sniper-suite/crates/core/src/storage.rs
PACKAGE-FINAL,buyer-release-final/source-tree/crates/core/src/db/claims.rs,21245,561,N,N,2406b385bf645ca02ffb06b198408d406950a033d72130690b8a4fafd695087a,buyer-release/source-tree/crates/core/src/db/claims.rs;sniper-suite/crates/core/src/db/claims.rs
PACKAGE-FINAL,buyer-release-final/source-tree/crates/core/src/db/mod.rs,9720,269,N,N,a0b8224b4607654abc30c31291952d052267715daef81eeef88017a6624add42,buyer-release/source-tree/crates/core/src/db/mod.rs;sniper-suite/crates/core/src/db/mod.rs
PACKAGE-FINAL,buyer-release-final/source-tree/crates/core/src/db/repo.rs,77824,2171,N,N,c93b9de16ee81e5fc2e902a23827196267676a5779a03d37b3334f9caba124fa,buyer-release/source-tree/crates/core/src/db/repo.rs;sniper-suite/crates/core/src/db/repo.rs
PACKAGE-FINAL,buyer-release-final/source-tree/crates/core/src/obs/health.rs,8867,265,N,N,982d6c732ca8253fa39690482c58c0fc0625cf3207ddcb12b607700294e95b6c,buyer-release/source-tree/crates/core/src/obs/health.rs;sniper-suite/crates/core/src/obs/health.rs
PACKAGE-FINAL,buyer-release-final/source-tree/crates/core/src/obs/metrics.rs,18642,566,N,N,e67a5f87dde81c8b9e320f3c363040661b174aa3ddc36e764393ae0a791574d9,buyer-release/source-tree/crates/core/src/obs/metrics.rs;sniper-suite/crates/core/src/obs/metrics.rs
PACKAGE-FINAL,buyer-release-final/source-tree/crates/core/src/obs/mod.rs,705,16,N,N,f35e1857cfc03f75a510af7140eb444dc417f9f95e7daa2d7b1bd9d294a0007f,buyer-release/source-tree/crates/core/src/obs/mod.rs;sniper-suite/crates/core/src/obs/mod.rs
PACKAGE-FINAL,buyer-release-final/source-tree/crates/core/tests/db_integration.rs,48231,1402,N,N,02ade6e07ad452daf28f2ee1490f8aba0146d90e2b0558d56cb7008897c575f8,buyer-release/source-tree/crates/core/tests/db_integration.rs;sniper-suite/crates/core/tests/db_integration.rs
PACKAGE-FINAL,buyer-release-final/source-tree/crates/core/tests/redis_integration.rs,12069,349,N,N,7167f2bbf0a4fba95960eaee8e2e2f7fc0bef6ce8339750ef2b711336dbbf655,buyer-release/source-tree/crates/core/tests/redis_integration.rs;sniper-suite/crates/core/tests/redis_integration.rs
PACKAGE-FINAL,buyer-release-final/source-tree/crates/core/tests/distributed_integration.rs,9703,283,N,N,03be5efe0717d756eb0c8b65700245150692a07d6273239a2a462d098ac16ce4,buyer-release/source-tree/crates/core/tests/distributed_integration.rs;sniper-suite/crates/core/tests/distributed_integration.rs
PACKAGE-FINAL,buyer-release-final/source-tree/crates/core/tests/storage_lifecycle.rs,6464,191,N,N,06b56106c9b1afe49c848baacfac895f9a1ed91079248e637d59fa09b0523a13,buyer-release/source-tree/crates/core/tests/storage_lifecycle.rs;sniper-suite/crates/core/tests/storage_lifecycle.rs
PACKAGE-FINAL,buyer-release-final/source-tree/crates/module-copy/Cargo.toml,801,34,N,N,3245adf45276369d9c5ff2a64886829ac333a908c9297a9e3a11494dde49a0ba,buyer-release/source-tree/crates/module-copy/Cargo.toml;sniper-suite/crates/module-copy/Cargo.toml
PACKAGE-FINAL,buyer-release-final/source-tree/crates/module-copy/src/exit.rs,18689,520,N,N,2df596fe1a63db304251bae2bf5dd8c0106bca1723082c8cb3e8398d1da5c3b8,buyer-release/source-tree/crates/module-copy/src/exit.rs;sniper-suite/crates/module-copy/src/exit.rs
PACKAGE-FINAL,buyer-release-final/source-tree/crates/module-copy/src/feeds.rs,22496,612,N,N,1d485996710f610e58b4477b472e877622252427c72b2c72673d6dab82ea7c1d,buyer-release/source-tree/crates/module-copy/src/feeds.rs;sniper-suite/crates/module-copy/src/feeds.rs
PACKAGE-FINAL,buyer-release-final/source-tree/crates/module-copy/src/lib.rs,8676,240,N,N,71f05b51c37a327e097ab9e896603bc92c110c95e3459d05e0ba9168d3505d1c,buyer-release/source-tree/crates/module-copy/src/lib.rs;sniper-suite/crates/module-copy/src/lib.rs
PACKAGE-FINAL,buyer-release-final/source-tree/crates/module-copy/src/mirror.rs,27310,775,N,N,35ee11bddf4d1cd9eb4c1ecae417f17f6ca66f79159c3a2620d95d5fcd3f1405,buyer-release/source-tree/crates/module-copy/src/mirror.rs;sniper-suite/crates/module-copy/src/mirror.rs
PACKAGE-FINAL,buyer-release-final/source-tree/crates/module-copy/tests/copy_feed.rs,6136,173,N,N,17a93942aeaa8b00394681b50fe7a69104348b5e3b7795f4d2642bf52060ca66,buyer-release/source-tree/crates/module-copy/tests/copy_feed.rs;sniper-suite/crates/module-copy/tests/copy_feed.rs
PACKAGE-FINAL,buyer-release-final/source-tree/crates/module-copy/tests/geyser_feed.rs,12290,327,N,N,413968305fb359f00f867bacfe37ac098760c32dc7f247cd326aa392c7279165,buyer-release/source-tree/crates/module-copy/tests/geyser_feed.rs;sniper-suite/crates/module-copy/tests/geyser_feed.rs
PACKAGE-FINAL,buyer-release-final/source-tree/crates/module-copy/tests/two_replica_mirror.rs,7305,196,N,N,7b6a042eec568c9cd21cbe5730d33275dddb148d0b09de2c3ded46d8a82a2ef3,buyer-release/source-tree/crates/module-copy/tests/two_replica_mirror.rs;sniper-suite/crates/module-copy/tests/two_replica_mirror.rs
PACKAGE-FINAL,buyer-release-final/source-tree/crates/module-sniper/Cargo.toml,914,34,N,N,727cd9973e0d2827624d60b0ee0761385e5858f2a6d0ca7ba06409fd2c1fec0c,buyer-release/source-tree/crates/module-sniper/Cargo.toml;sniper-suite/crates/module-sniper/Cargo.toml
PACKAGE-FINAL,buyer-release-final/source-tree/crates/module-sniper/src/detect.rs,21158,541,N,N,0d6481db880d95165aa165e92242d07a0300f2679cfb659d92247ec14d0d40c6,buyer-release/source-tree/crates/module-sniper/src/detect.rs;sniper-suite/crates/module-sniper/src/detect.rs
PACKAGE-FINAL,buyer-release-final/source-tree/crates/module-sniper/src/entry.rs,24543,633,N,N,841600354285b8345bf143189e332682b0b063bd0714357b854b679e6189ca93,buyer-release/source-tree/crates/module-sniper/src/entry.rs;sniper-suite/crates/module-sniper/src/entry.rs
PACKAGE-FINAL,buyer-release-final/source-tree/crates/module-sniper/src/exit.rs,19046,489,N,N,acd9e036ffaa6b3ef7c5e2b48d6a358cdaabef04cf6865dec9ffa2915dd67390,buyer-release/source-tree/crates/module-sniper/src/exit.rs;sniper-suite/crates/module-sniper/src/exit.rs
PACKAGE-FINAL,buyer-release-final/source-tree/crates/module-sniper/src/lib.rs,18779,484,N,N,ec786dd48029b250d07f41a7b7a582f8935f6fb7b259158e88642fcdf7648c2b,buyer-release/source-tree/crates/module-sniper/src/lib.rs;sniper-suite/crates/module-sniper/src/lib.rs
PACKAGE-FINAL,buyer-release-final/source-tree/crates/module-sniper/tests/detect_feed.rs,5304,148,N,N,2eab0fdf30b8b0d4ceb8f1055797cc77bf2391739e0a8b2abfb790fa8ebdadc3,buyer-release/source-tree/crates/module-sniper/tests/detect_feed.rs;sniper-suite/crates/module-sniper/tests/detect_feed.rs
PACKAGE-FINAL,buyer-release-final/source-tree/crates/module-sniper/tests/geyser_detect.rs,12430,319,N,N,118bd97711f722db393b67a9437609a5098e9b1dc5671a1f3ceeb52bc9be21ab,buyer-release/source-tree/crates/module-sniper/tests/geyser_detect.rs;sniper-suite/crates/module-sniper/tests/geyser_detect.rs
PACKAGE-FINAL,buyer-release-final/source-tree/crates/module-polymarket/Cargo.toml,1035,42,N,N,94be538e334eda25a3463ef2b46b5ab45d94b61ee8932f8b5a5a2ddd6d20fa9a,buyer-release/source-tree/crates/module-polymarket/Cargo.toml;sniper-suite/crates/module-polymarket/Cargo.toml
PACKAGE-FINAL,buyer-release-final/source-tree/crates/module-polymarket/src/auth.rs,8768,245,N,N,550c9433eeb82409bd3fd4492fffa28f27a968478b78af78f6e7feebadcca440,buyer-release/source-tree/crates/module-polymarket/src/auth.rs;sniper-suite/crates/module-polymarket/src/auth.rs
PACKAGE-FINAL,buyer-release-final/source-tree/crates/module-polymarket/src/clob.rs,18831,558,N,N,efbd80eaaf872440321d3577f977f2c0214e2383f3a18cbd31f4dc9a7fd37782,buyer-release/source-tree/crates/module-polymarket/src/clob.rs;sniper-suite/crates/module-polymarket/src/clob.rs
PACKAGE-FINAL,buyer-release-final/source-tree/crates/module-polymarket/src/collateral.rs,16867,411,N,N,ccbc07fc7b3357ef2b769e205b36a2a51546a227f3e81c6a7b6899d0443f7370,buyer-release/source-tree/crates/module-polymarket/src/collateral.rs;sniper-suite/crates/module-polymarket/src/collateral.rs
PACKAGE-FINAL,buyer-release-final/source-tree/crates/module-polymarket/src/ctf.rs,14127,345,N,N,69484a0d429b7954f03c57c4a49d58f1f15f7fc9370221a88e829c005a317b6a,buyer-release/source-tree/crates/module-polymarket/src/ctf.rs;sniper-suite/crates/module-polymarket/src/ctf.rs
PACKAGE-FINAL,buyer-release-final/source-tree/crates/module-polymarket/src/eip712.rs,17763,473,N,N,4d8f2e524980c7c36b8a08895f7573531bc8cfe44afc3b778d769c6d808c0179,buyer-release/source-tree/crates/module-polymarket/src/eip712.rs;sniper-suite/crates/module-polymarket/src/eip712.rs
PACKAGE-FINAL,buyer-release-final/source-tree/crates/module-polymarket/src/error.rs,5444,145,N,N,4e86703bcc76a0c8eb40915cd32ea16aed120d7df7c70525c35811c7a76480d7,buyer-release/source-tree/crates/module-polymarket/src/error.rs;sniper-suite/crates/module-polymarket/src/error.rs
PACKAGE-FINAL,buyer-release-final/source-tree/crates/module-polymarket/src/gamma.rs,11409,329,N,N,2f5051ed90e69115dfeb1cfc64326475e82c3d2ae00bce59c5b2a51947e50de6,buyer-release/source-tree/crates/module-polymarket/src/gamma.rs;sniper-suite/crates/module-polymarket/src/gamma.rs
PACKAGE-FINAL,buyer-release-final/source-tree/crates/module-polymarket/src/lib.rs,46575,1162,N,N,83d491670dad88eb0b939e3fba0786863e0fee1b79486c7636d8053c8af2d23b,buyer-release/source-tree/crates/module-polymarket/src/lib.rs;sniper-suite/crates/module-polymarket/src/lib.rs
PACKAGE-FINAL,buyer-release-final/source-tree/crates/module-polymarket/src/orders.rs,15777,422,N,N,a11558f6ab57ea8145b521d7e84baf01435b0baa124d95cc55ca26d27fe0d78a,buyer-release/source-tree/crates/module-polymarket/src/orders.rs;sniper-suite/crates/module-polymarket/src/orders.rs
PACKAGE-FINAL,buyer-release-final/source-tree/crates/module-polymarket/src/strategy.rs,10394,314,N,N,18b40e76b9c73b1c63fd06996e3889fc50b6b9a2d55578c665a81fe9920ede6d,buyer-release/source-tree/crates/module-polymarket/src/strategy.rs;sniper-suite/crates/module-polymarket/src/strategy.rs
PACKAGE-FINAL,buyer-release-final/source-tree/crates/module-polymarket/src/ws.rs,6878,182,N,N,58497aacc8dac1564d495852879a0274573b840bf574b19fba74e56680470a77,buyer-release/source-tree/crates/module-polymarket/src/ws.rs;sniper-suite/crates/module-polymarket/src/ws.rs
PACKAGE-FINAL,buyer-release-final/source-tree/crates/module-polymarket/tests/mock_clob_gamma.rs,16294,472,N,N,9b8323802f8e23b920d322c472d28c17cd56351dc58d25c779518ec7d0b6cc1d,buyer-release/source-tree/crates/module-polymarket/tests/mock_clob_gamma.rs;sniper-suite/crates/module-polymarket/tests/mock_clob_gamma.rs
PACKAGE-FINAL,buyer-release-final/source-tree/crates/module-telegram/Cargo.toml,638,26,N,N,7ab3802d71bb220c4c2d68e3804029ade4e7e1cfa11a8352ca39eaffe6aea0f6,buyer-release/source-tree/crates/module-telegram/Cargo.toml;sniper-suite/crates/module-telegram/Cargo.toml
PACKAGE-FINAL,buyer-release-final/source-tree/crates/module-telegram/src/alerts.rs,7280,190,N,N,0e4d7747183b495acd25d43b545616d1c4506ef6122f73efec5cfa3d6e04d5fc,buyer-release/source-tree/crates/module-telegram/src/alerts.rs;sniper-suite/crates/module-telegram/src/alerts.rs
PACKAGE-FINAL,buyer-release-final/source-tree/crates/module-telegram/src/api.rs,14311,411,N,N,238e74a913e3937415ae52ada3d59f952b3f1fb1f023d38bfadf2e0afa3e3d32,buyer-release/source-tree/crates/module-telegram/src/api.rs;sniper-suite/crates/module-telegram/src/api.rs
PACKAGE-FINAL,buyer-release-final/source-tree/crates/module-telegram/src/commands.rs,22082,623,N,N,e604f8fb2b3089ad2f19c3f9dddd98ab909d83f780452f3599bc7e2ff1167494,buyer-release/source-tree/crates/module-telegram/src/commands.rs;sniper-suite/crates/module-telegram/src/commands.rs
PACKAGE-FINAL,buyer-release-final/source-tree/crates/module-telegram/src/lib.rs,8888,262,N,N,78a18a040be9a9a7c35e41981fd1872d11a16dddd74584eae9414643bce36f57,buyer-release/source-tree/crates/module-telegram/src/lib.rs;sniper-suite/crates/module-telegram/src/lib.rs
PACKAGE-FINAL,buyer-release-final/source-tree/crates/server/Cargo.toml,992,39,N,N,531b80e3c47a44094a5d5dd6ef654295419ac47d6d19423fbb14c9dad258d331,buyer-release/source-tree/crates/server/Cargo.toml;sniper-suite/crates/server/Cargo.toml
PACKAGE-FINAL,buyer-release-final/source-tree/crates/server/src/api.rs,49390,1437,N,N,bceedbb2b61b44c13eb1b33396a41bc08bd48040e91a7532519a90a960111c89,buyer-release/source-tree/crates/server/src/api.rs;sniper-suite/crates/server/src/api.rs
PACKAGE-FINAL,buyer-release-final/source-tree/crates/server/src/dashboard.rs,13556,241,N,N,3e7145e2605079d22489251ca1a3d0dfc110c67391da84ec451978e39f7d8a23,buyer-release/source-tree/crates/server/src/dashboard.rs;sniper-suite/crates/server/src/dashboard.rs
PACKAGE-FINAL,buyer-release-final/source-tree/crates/server/src/main.rs,48530,1243,N,N,2b4d217f6caca0ca715463909a37739fff3a6afccfe1b80bb3b7964a28ef1adc,buyer-release/source-tree/crates/server/src/main.rs;sniper-suite/crates/server/src/main.rs
PACKAGE-FINAL,buyer-release-final/source-tree/crates/server/src/obs.rs,32897,920,N,N,8b46ed195ed70fb0e08b6e0f6edcc43ab77537e37b7bdbef7c467be2e8679e86,buyer-release/source-tree/crates/server/src/obs.rs;sniper-suite/crates/server/src/obs.rs
PACKAGE-FINAL,buyer-release-final/source-tree/crates/server/src/persist.rs,23907,624,N,N,9d37679283bd3f18d3fcb4b43fd67ccea6ddbb056a1ee8e8de8ee7804b2503ad,buyer-release/source-tree/crates/server/src/persist.rs;sniper-suite/crates/server/src/persist.rs
PACKAGE-FINAL,buyer-release-final/source-tree/crates/server/src/recon.rs,38865,942,N,N,a536092fe51f10a5a09b27ea67ef13f34641d58f68ca20fba7aeed5e0044d639,buyer-release/source-tree/crates/server/src/recon.rs;sniper-suite/crates/server/src/recon.rs
PACKAGE-FINAL,buyer-release-final/source-tree/crates/server/src/ws.rs,906,32,N,N,9266600950b4cc7fa10a2dacd132454de03524eee1381c159bc405e22a7db2ae,buyer-release/source-tree/crates/server/src/ws.rs;sniper-suite/crates/server/src/ws.rs
PACKAGE-FINAL,buyer-release-final/source-tree/crates/solana-kit/Cargo.toml,1275,46,N,N,b5532bfc2777a584954bdb2e342323487cf4ddf8506add3919df761d1644aea2,buyer-release/source-tree/crates/solana-kit/Cargo.toml;sniper-suite/crates/solana-kit/Cargo.toml
PACKAGE-FINAL,buyer-release-final/source-tree/crates/solana-kit/src/cache.rs,11028,323,N,N,a1972eec2ef0570af76787cb97e608bf1ba50c7f28a7e8eb164b3361c989b9f9,buyer-release/source-tree/crates/solana-kit/src/cache.rs;sniper-suite/crates/solana-kit/src/cache.rs
PACKAGE-FINAL,buyer-release-final/source-tree/crates/solana-kit/src/consts.rs,27977,578,N,N,68e21efe2492c0e4e6cd8533c4dfd497ce6cb53776efde03760b7577750677a1,buyer-release/source-tree/crates/solana-kit/src/consts.rs;sniper-suite/crates/solana-kit/src/consts.rs
PACKAGE-FINAL,buyer-release-final/source-tree/crates/solana-kit/src/decode.rs,44537,1266,N,N,7f3ebb5d8137d660bb283c38596ec0d8c5397662311d3d300edb0ba011a27b0d,buyer-release/source-tree/crates/solana-kit/src/decode.rs;sniper-suite/crates/solana-kit/src/decode.rs
PACKAGE-FINAL,buyer-release-final/source-tree/crates/solana-kit/src/events.rs,40372,1273,N,N,ffb977b902792855f10c3c212f3bd48532b638e0cae4096527a11a9e1bd81e90,buyer-release/source-tree/crates/solana-kit/src/events.rs;sniper-suite/crates/solana-kit/src/events.rs
PACKAGE-FINAL,buyer-release-final/source-tree/crates/solana-kit/src/execute.rs,50514,1396,N,N,f2ecceee5153d5625d09ff6ef00ab7a1a0fe6c3e00ab102dc4d48274b71a1b9f,buyer-release/source-tree/crates/solana-kit/src/execute.rs;sniper-suite/crates/solana-kit/src/execute.rs
PACKAGE-FINAL,buyer-release-final/source-tree/crates/solana-kit/src/jupiter.rs,30682,873,N,N,2b5b869bd8363c00c3b80919245ded8a538ffa5c96c504739b92174fcc8bfb40,buyer-release/source-tree/crates/solana-kit/src/jupiter.rs;sniper-suite/crates/solana-kit/src/jupiter.rs
PACKAGE-FINAL,buyer-release-final/source-tree/crates/solana-kit/src/layout.rs,13387,371,N,N,9fe220bc887f3aaafa7d8ad4e3bdcedf30e062c33c4f2ccdc5180eb62a029e36,buyer-release/source-tree/crates/solana-kit/src/layout.rs;sniper-suite/crates/solana-kit/src/layout.rs
PACKAGE-FINAL,buyer-release-final/source-tree/crates/solana-kit/src/lib.rs,2223,55,N,N,2193889bf16786b09b6ce4fbe6fd9c156a84025a11c500325a99a03de4cf0c89,buyer-release/source-tree/crates/solana-kit/src/lib.rs;sniper-suite/crates/solana-kit/src/lib.rs
PACKAGE-FINAL,buyer-release-final/source-tree/crates/solana-kit/src/pump.rs,55131,1357,N,N,6a2b780617a8806607db6c4e1ee2e58178972c9e535e4898a1064062d5276779,buyer-release/source-tree/crates/solana-kit/src/pump.rs;sniper-suite/crates/solana-kit/src/pump.rs
PACKAGE-FINAL,buyer-release-final/source-tree/crates/solana-kit/src/pumpportal.rs,34498,998,N,N,055c0aa6e53bea6ffd64f2ddfe6edc86b325c59d19bfa45eb829f581dd764f41,buyer-release/source-tree/crates/solana-kit/src/pumpportal.rs;sniper-suite/crates/solana-kit/src/pumpportal.rs
PACKAGE-FINAL,buyer-release-final/source-tree/crates/solana-kit/src/pumpswap.rs,57326,1547,N,N,3d84237cb0336be5e3e660b0ae759e92c1fbe80d8b7d6838f8f74722cf82c555,buyer-release/source-tree/crates/solana-kit/src/pumpswap.rs;sniper-suite/crates/solana-kit/src/pumpswap.rs
PACKAGE-FINAL,buyer-release-final/source-tree/crates/solana-kit/src/raydium.rs,48262,1236,N,N,2798a141932ab207569b9180d6ce050eb80631322ad6a6bf44c0ca433b107441,buyer-release/source-tree/crates/solana-kit/src/raydium.rs;sniper-suite/crates/solana-kit/src/raydium.rs
PACKAGE-FINAL,buyer-release-final/source-tree/crates/solana-kit/src/rpc.rs,38923,1076,N,N,07819645d2d4fa05039cd6f1327b571558d435d5d7c5efe16363a5cb55a4aab8,buyer-release/source-tree/crates/solana-kit/src/rpc.rs;sniper-suite/crates/solana-kit/src/rpc.rs
PACKAGE-FINAL,buyer-release-final/source-tree/crates/solana-kit/src/signer.rs,24684,669,N,N,9ccdd876455f965f29473025a193f43c0272b69e059f6255594a6e2002dc0542,buyer-release/source-tree/crates/solana-kit/src/signer.rs;sniper-suite/crates/solana-kit/src/signer.rs
PACKAGE-FINAL,buyer-release-final/source-tree/crates/solana-kit/src/tokens.rs,20896,556,N,N,1ced1e6876ab65353edfe00a228afb4c56e1d1959dff0f0340ac227b3a726f53,buyer-release/source-tree/crates/solana-kit/src/tokens.rs;sniper-suite/crates/solana-kit/src/tokens.rs
PACKAGE-FINAL,buyer-release-final/source-tree/crates/solana-kit/src/tx.rs,38669,1053,N,N,345c446c2f1660192c0e7fee4557008b64f1f14228e3e00417925ff25d732f67,buyer-release/source-tree/crates/solana-kit/src/tx.rs;sniper-suite/crates/solana-kit/src/tx.rs
PACKAGE-FINAL,buyer-release-final/source-tree/crates/solana-kit/src/ws.rs,39894,1139,N,N,d7e82915f8efb0e4a7355e163128afec82c5cf90e2ccb354a1cd7eb441929bc4,buyer-release/source-tree/crates/solana-kit/src/ws.rs;sniper-suite/crates/solana-kit/src/ws.rs
PACKAGE-FINAL,buyer-release-final/source-tree/crates/solana-kit/tests/devnet_e2e.rs,8774,252,N,N,db0eb6333e5e5785c36af1a9f22900fe90e4126a5912ef9fb34aaa5a1bca5aa7,buyer-release/source-tree/crates/solana-kit/tests/devnet_e2e.rs;sniper-suite/crates/solana-kit/tests/devnet_e2e.rs
PACKAGE-FINAL,buyer-release-final/source-tree/crates/solana-kit/tests/latency_bench.rs,21159,577,N,N,4d7b75871c216b3102fdcf7d6555c41163d3698aa74bfc856c07d72b9977b92e,buyer-release/source-tree/crates/solana-kit/tests/latency_bench.rs;sniper-suite/crates/solana-kit/tests/latency_bench.rs
PACKAGE-FINAL,buyer-release-final/source-tree/crates/solana-kit/tests/mock_pumpportal.rs,11079,325,N,N,d9783d6af4fdc7430ae346f22b5ba58e4097720469fa947589f46eb97e84e888,buyer-release/source-tree/crates/solana-kit/tests/mock_pumpportal.rs;sniper-suite/crates/solana-kit/tests/mock_pumpportal.rs
PACKAGE-FINAL,buyer-release-final/source-tree/crates/solana-kit/tests/recon_crash_e2e.rs,13178,362,N,N,323c0844b1f52031ff9d36dd3adc649b742b087187a3f99d37e43bda0ca596d7,buyer-release/source-tree/crates/solana-kit/tests/recon_crash_e2e.rs;sniper-suite/crates/solana-kit/tests/recon_crash_e2e.rs
PACKAGE-FINAL,buyer-release-final/source-tree/docs/ACCEPTANCE-CHECKLIST.md,7447,135,N,N,267aec5e1a44c1d3c1812050baa450f943d7b1f822aab4c844d500d8cae0467f,buyer-release-final/docs/ACCEPTANCE-CHECKLIST.md;buyer-release/docs/ACCEPTANCE-CHECKLIST.md;buyer-release/source-tree/docs/ACCEPTANCE-CHECKLIST.md (+1 more)
PACKAGE-FINAL,buyer-release-final/source-tree/docs/API.md,5081,109,N,N,4a02c0b00f60881a9b0b063fc9120a720a667aaa41b85482125389793f4f75a4,buyer-release-final/docs/API.md;buyer-release/docs/API.md;buyer-release/source-tree/docs/API.md (+1 more)
PACKAGE-FINAL,buyer-release-final/source-tree/docs/ARCHITECTURE.md,6555,101,N,N,86951393588459b3ea923825dd5118669cffcde4950ab38a734d334f28709a39,buyer-release-final/docs/ARCHITECTURE.md;buyer-release/docs/ARCHITECTURE.md;buyer-release/source-tree/docs/ARCHITECTURE.md (+1 more)
PACKAGE-FINAL,buyer-release-final/source-tree/docs/ARCHIVE-CHECKLIST.md,5216,106,N,N,cb970bb75c8042c77bbf4a7176a774609f55fc84a749f38fe8ea1608324be2aa,buyer-release-final/docs/ARCHIVE-CHECKLIST.md;buyer-release/docs/ARCHIVE-CHECKLIST.md;buyer-release/source-tree/docs/ARCHIVE-CHECKLIST.md (+1 more)
PACKAGE-FINAL,buyer-release-final/source-tree/docs/BACKUP-RESTORE.md,6554,130,N,N,3c15125c97ba42771f8223a6dc8ad8ae1a935b8b8df7bf2a9c3d6a274dad4df1,buyer-release-final/docs/BACKUP-RESTORE.md;buyer-release/docs/BACKUP-RESTORE.md;buyer-release/source-tree/docs/BACKUP-RESTORE.md (+1 more)
PACKAGE-FINAL,buyer-release-final/source-tree/docs/BUYER-ACCEPTANCE-TEST.md,17932,266,N,N,c77ff99c5c4bbb1161b29e8f7b88440b9cfe0fe07d2d2900b0c30add2d141642,buyer-release-final/docs/BUYER-ACCEPTANCE-TEST.md;sniper-suite/docs/BUYER-ACCEPTANCE-TEST.md
PACKAGE-FINAL,buyer-release-final/source-tree/docs/BUYER-DEPLOYMENT.md,9194,207,N,N,49bc417e3fd3c66ba48099defdd538e973c7abd6cf6bbbc02cdbdb8d16423d54,buyer-release-final/docs/BUYER-DEPLOYMENT.md;buyer-release/docs/BUYER-DEPLOYMENT.md;buyer-release/source-tree/docs/BUYER-DEPLOYMENT.md (+1 more)
PACKAGE-FINAL,buyer-release-final/source-tree/docs/BUYER-DUE-DILIGENCE.md,10973,98,N,N,12e4067647dd9c4c3f75600d8cd389c5abd19d43f7a8bc8ce65be571b60c27a7,buyer-release-final/docs/BUYER-DUE-DILIGENCE.md;buyer-release/docs/BUYER-DUE-DILIGENCE.md;buyer-release/source-tree/docs/BUYER-DUE-DILIGENCE.md (+1 more)
PACKAGE-FINAL,buyer-release-final/source-tree/docs/BUYER-FAQ.md,9165,161,N,N,6e8d33950c5469fa94b2e767094883e10d3eec9067ff2112931a3111b46b7715,buyer-release-final/docs/BUYER-FAQ.md;buyer-release/docs/BUYER-FAQ.md;buyer-release/source-tree/docs/BUYER-FAQ.md (+1 more)
PACKAGE-FINAL,buyer-release-final/source-tree/docs/BUYER-OVERVIEW.md,12951,225,N,N,f47ab17528c5c952c2c98e3ee755e441d6a9058079b14e0e1b1af5ae121fa04d,buyer-release-final/docs/BUYER-OVERVIEW.md;buyer-release/docs/BUYER-OVERVIEW.md;buyer-release/source-tree/docs/BUYER-OVERVIEW.md (+1 more)
PACKAGE-FINAL,buyer-release-final/source-tree/docs/BUYER-QUICKSTART.md,7881,221,N,N,f4b07c1be1936ee9b23854a5697bf4b3bbd08236ec3c808aaee43f22d2f94046,buyer-release-final/docs/BUYER-QUICKSTART.md;buyer-release/docs/BUYER-QUICKSTART.md;buyer-release/source-tree/docs/BUYER-QUICKSTART.md (+1 more)
PACKAGE-FINAL,buyer-release-final/source-tree/docs/BUYER-REPRODUCTION-GUIDE.md,10566,265,N,N,bca076b059c76448eae042acdb37869cbf098dc3fa2f0f60f51b19da4255c27c,buyer-release-final/docs/BUYER-REPRODUCTION-GUIDE.md;sniper-suite/docs/BUYER-REPRODUCTION-GUIDE.md
PACKAGE-FINAL,buyer-release-final/source-tree/docs/BUYER-RISK-REGISTER.md,9083,42,N,N,63ea3fe9c8c5d484e1578bd14d24611819f7c402bc5f4c7e697f36e39093364d,buyer-release-final/docs/BUYER-RISK-REGISTER.md;buyer-release/docs/BUYER-RISK-REGISTER.md;buyer-release/source-tree/docs/BUYER-RISK-REGISTER.md (+1 more)
PACKAGE-FINAL,buyer-release-final/source-tree/docs/CAPABILITY-MATRIX.md,12711,66,N,N,6fd356c24fc2c9a04250c1efa8fd263cd593f6e8b04ce6a0e7898d3a2612fdda,buyer-release-final/docs/CAPABILITY-MATRIX.md;buyer-release/docs/CAPABILITY-MATRIX.md;buyer-release/source-tree/docs/CAPABILITY-MATRIX.md (+1 more)
PACKAGE-FINAL,buyer-release-final/source-tree/docs/CI-LOCAL-EQUIVALENCE.md,5097,66,N,N,82480503990541af20be3057c00aaf83b157c4ca63e3cfa51c89a0116252d36b,buyer-release-final/ci/CI-LOCAL-EQUIVALENCE.md;buyer-release-final/docs/CI-LOCAL-EQUIVALENCE.md;buyer-release/ci/CI-LOCAL-EQUIVALENCE.md (+3 more)
PACKAGE-FINAL,buyer-release-final/source-tree/docs/DELIVERY-MANIFEST.md,11209,115,N,N,966e9e5a168120c145a71fbcacc4e8fb368089d020a18de216b9920271216d0f,buyer-release-final/docs/DELIVERY-MANIFEST.md;sniper-suite/docs/DELIVERY-MANIFEST.md
PACKAGE-FINAL,buyer-release-final/source-tree/docs/DEMO-RUNBOOK.md,10889,220,N,N,0cd36f64d3e964828e6fc1911f3f68d51a9b29d10a99cc07d90b5f95fa430b08,buyer-release-final/docs/DEMO-RUNBOOK.md;buyer-release/docs/DEMO-RUNBOOK.md;buyer-release/source-tree/docs/DEMO-RUNBOOK.md (+1 more)
PACKAGE-FINAL,buyer-release-final/source-tree/docs/DEPLOYMENT.md,4327,98,N,N,736d427563c0a168ffd3f7ac365ade133e61b1f62c3d16748285e1fd8a70bbdd,buyer-release-final/docs/DEPLOYMENT.md;buyer-release/docs/DEPLOYMENT.md;buyer-release/source-tree/docs/DEPLOYMENT.md (+1 more)
PACKAGE-FINAL,buyer-release-final/source-tree/docs/DISTRIBUTED.md,21861,350,N,N,e2dd1eaf0597b44ce6b073ad1533bfd766491ee619dc10b9a436f4e3fdf2a8d7,buyer-release-final/docs/DISTRIBUTED.md;buyer-release/docs/DISTRIBUTED.md;buyer-release/source-tree/docs/DISTRIBUTED.md (+1 more)
PACKAGE-FINAL,buyer-release-final/source-tree/docs/EVIDENCE-INDEX.md,14286,115,N,N,ccf0a97874adface1e67ad501c47faf919d340b4529a1b729900c8fd26d9a1aa,buyer-release-final/docs/EVIDENCE-INDEX.md;sniper-suite/docs/EVIDENCE-INDEX.md
PACKAGE-FINAL,buyer-release-final/source-tree/docs/FEATURE-TRACEABILITY.md,13490,111,N,N,27fee1a5408b98fe26aa814469b50aba733a0e12c8592cee918163b49b1be5d0,buyer-release-final/docs/FEATURE-TRACEABILITY.md;sniper-suite/docs/FEATURE-TRACEABILITY.md
PACKAGE-FINAL,buyer-release-final/source-tree/docs/FINAL-DELIVERY.md,14177,226,N,N,92448f843d85b07626fed1cb27d1dce02b45c83b7c81a088fe520ae081dc569a,buyer-release-final/docs/FINAL-DELIVERY.md;buyer-release/docs/FINAL-DELIVERY.md;buyer-release/source-tree/docs/FINAL-DELIVERY.md (+1 more)
PACKAGE-FINAL,buyer-release-final/source-tree/docs/FINAL-INCIDENT-RUNBOOK.md,12364,251,N,N,fc90fc45b2f7d0ad6d248ac0f3040b4ce9c9573b10ff83b7c79ec2638467babd,buyer-release-final/docs/FINAL-INCIDENT-RUNBOOK.md;sniper-suite/docs/FINAL-INCIDENT-RUNBOOK.md
PACKAGE-FINAL,buyer-release-final/source-tree/docs/FINAL-IP-AND-THIRD-PARTY-INVENTORY.md,7489,101,N,N,3125ecbfeffc1d68c79ef0667b7199514ee0236010074e5ced5df76271c0c2e2,buyer-release-final/docs/FINAL-IP-AND-THIRD-PARTY-INVENTORY.md;sniper-suite/docs/FINAL-IP-AND-THIRD-PARTY-INVENTORY.md
PACKAGE-FINAL,buyer-release-final/source-tree/docs/FINAL-KNOWN-LIMITATIONS.md,6508,119,N,N,ec71e66757c57c09d68c75fa91bd17a1abcfcef6969a743ab7eaece9c112527b,buyer-release-final/docs/FINAL-KNOWN-LIMITATIONS.md;sniper-suite/docs/FINAL-KNOWN-LIMITATIONS.md
PACKAGE-FINAL,buyer-release-final/source-tree/docs/FINAL-OPERATIONS-HANDOVER.md,9852,188,N,N,b9d0ad24289d516e69ed6db4ecac185a0c7cec5f69f82ffe856f9356ca9e182b,buyer-release-final/docs/FINAL-OPERATIONS-HANDOVER.md;sniper-suite/docs/FINAL-OPERATIONS-HANDOVER.md
PACKAGE-FINAL,buyer-release-final/source-tree/docs/FINAL-RELEASE-AUDIT.md,16926,194,N,N,62e8a9e08eebc5f4456412ae417a8b78733b81d43080141ec978e9e7e95b9d37,buyer-release-final/docs/FINAL-RELEASE-AUDIT.md;sniper-suite/docs/FINAL-RELEASE-AUDIT.md
PACKAGE-FINAL,buyer-release-final/source-tree/docs/HANDOVER.md,9300,165,N,N,d0f4cabbb4a9d336686e7adc235e74c4ac4b60b946e961a3585ec3714598206c,buyer-release-final/docs/HANDOVER.md;buyer-release/docs/HANDOVER.md;buyer-release/source-tree/docs/HANDOVER.md (+1 more)
PACKAGE-FINAL,buyer-release-final/source-tree/docs/IP-COMPONENTS.md,13801,259,N,N,d2e3e43dfc29e0278fff6fedbd1d6239b55632a2f1ee865f14d0432883c2ee12,buyer-release-final/docs/IP-COMPONENTS.md;buyer-release/docs/IP-COMPONENTS.md;buyer-release/source-tree/docs/IP-COMPONENTS.md (+1 more)
PACKAGE-FINAL,buyer-release-final/source-tree/docs/LIVE-VALIDATION.md,7882,174,N,N,9eece8b46e2d08d1c05dd4e26e995f23aa44a6f2132b3153ddd048f9e09075d2,buyer-release-final/docs/LIVE-VALIDATION.md;buyer-release/docs/LIVE-VALIDATION.md;buyer-release/source-tree/docs/LIVE-VALIDATION.md (+1 more)
PACKAGE-FINAL,buyer-release-final/source-tree/docs/MODULES.md,6239,115,N,N,e7206730e2449a8100e92e802fa853ba1eb082fd84e9d7132c604d57db6ad5c6,buyer-release-final/docs/MODULES.md;buyer-release/docs/MODULES.md;buyer-release/source-tree/docs/MODULES.md (+1 more)
PACKAGE-FINAL,buyer-release-final/source-tree/docs/OPERATIONS.md,5741,125,N,N,03347d3af66108a976344499b5fb96eee04c257ca2d688c8d892453aeb2f5088,buyer-release-final/docs/OPERATIONS.md;buyer-release/docs/OPERATIONS.md;buyer-release/source-tree/docs/OPERATIONS.md (+1 more)
PACKAGE-FINAL,buyer-release-final/source-tree/docs/RECONCILIATION.md,23013,379,N,N,dc339ab78919268d3df213333750d1a1f9edb12e6f12692d84b6e2fe564cf275,buyer-release-final/docs/RECONCILIATION.md;buyer-release/docs/RECONCILIATION.md;buyer-release/source-tree/docs/RECONCILIATION.md (+1 more)
PACKAGE-FINAL,buyer-release-final/source-tree/docs/RELEASE-NOTES-0.1.0.md,6340,112,N,N,8659c884dd7ed4340bc8b63c7535128873eec08aeac0c980438d3528582bdca5,buyer-release-final/docs/RELEASE-NOTES-0.1.0.md;buyer-release/docs/RELEASE-NOTES-0.1.0.md;buyer-release/source-tree/docs/RELEASE-NOTES-0.1.0.md (+1 more)
PACKAGE-FINAL,buyer-release-final/source-tree/docs/RELEASE.md,7644,140,N,N,c04417bd77ae2f857f1301f6b2d4f7c909433f8e7008bcbe2deba67b610ff20f,buyer-release-final/docs/RELEASE.md;buyer-release/docs/RELEASE.md;buyer-release/source-tree/docs/RELEASE.md (+1 more)
PACKAGE-FINAL,buyer-release-final/source-tree/docs/REPOSITORY-MAP.md,14317,214,N,N,f01ac103e72a679ec49535862d7e7d68a6fef762d2c0b13c2895cee7cc750a38,buyer-release-final/docs/REPOSITORY-MAP.md;sniper-suite/docs/REPOSITORY-MAP.md
PACKAGE-FINAL,buyer-release-final/source-tree/docs/SCOPE-BOUNDARY.md,5393,99,N,N,848089c2474124d93a90b4aadc89f32207feca836cc9d1c579977acc6ab1ab59,buyer-release-final/docs/SCOPE-BOUNDARY.md;buyer-release/docs/SCOPE-BOUNDARY.md;buyer-release/source-tree/docs/SCOPE-BOUNDARY.md (+1 more)
PACKAGE-FINAL,buyer-release-final/source-tree/docs/SECURITY-BOUNDARY-MAP.md,10619,187,N,N,d03bf2ada88ba989f7096e13294415b9fe8b69fd66b533a6cc94f32c9bbd9867,buyer-release-final/docs/SECURITY-BOUNDARY-MAP.md;sniper-suite/docs/SECURITY-BOUNDARY-MAP.md
PACKAGE-FINAL,buyer-release-final/source-tree/docs/SECURITY.md,7194,104,N,N,3b9723fa423ae018aa37ae9a91b3cbd1deffe0da8bb75ede269ed929930757ba,buyer-release-final/docs/SECURITY.md;buyer-release/source-tree/docs/SECURITY.md;sniper-suite/docs/SECURITY.md
PACKAGE-FINAL,buyer-release-final/source-tree/docs/SELLER-FACT-SHEET.md,8639,163,N,N,679bb3ceb4c98fbfa6af87884ac90246cc90e397bed6adf5d44e70b707d56c10,buyer-release-final/docs/SELLER-FACT-SHEET.md;buyer-release/docs/SELLER-FACT-SHEET.md;buyer-release/source-tree/docs/SELLER-FACT-SHEET.md (+1 more)
PACKAGE-FINAL,buyer-release-final/source-tree/docs/SELLING-LISTING-SOURCE.md,9175,171,N,N,644a2d772dd639777bd2f316a6465ee103c119bc4cad5240372c571eb4674eb2,buyer-release-final/docs/SELLING-LISTING-SOURCE.md;buyer-release/docs/SELLING-LISTING-SOURCE.md;buyer-release/source-tree/docs/SELLING-LISTING-SOURCE.md (+1 more)
PACKAGE-FINAL,buyer-release-final/source-tree/docs/STAKING.md,9127,157,N,N,ecf9fc404ff2ad5c1821d6c7d1e76aaf8eefd7706be84a956d52ac406458ed90,buyer-release-final/docs/STAKING.md;buyer-release/docs/STAKING.md;buyer-release/source-tree/docs/STAKING.md (+1 more)
PACKAGE-FINAL,buyer-release-final/source-tree/docs/SUPPORT-HANDOVER.md,6571,133,N,N,6fe3f35da7cae943177b191efa8841a8273b97ece516f177dc2c349c393353d6,buyer-release-final/docs/SUPPORT-HANDOVER.md;buyer-release/docs/SUPPORT-HANDOVER.md;buyer-release/source-tree/docs/SUPPORT-HANDOVER.md (+1 more)
PACKAGE-FINAL,buyer-release-final/source-tree/docs/TECHNICAL-DIFFERENTIATORS.md,7796,140,N,N,32f433294114138a56c3098475595fd59f9b1849f477231f26e9bb17a6dc7f6b,buyer-release-final/docs/TECHNICAL-DIFFERENTIATORS.md;buyer-release/docs/TECHNICAL-DIFFERENTIATORS.md;buyer-release/source-tree/docs/TECHNICAL-DIFFERENTIATORS.md (+1 more)
PACKAGE-FINAL,buyer-release-final/source-tree/docs/TECHNICAL-FACT-SHEET.md,9132,151,N,N,5b849950ace6ef52f3b582305e020178768f39efa225f4ae2c2feb7fd4b10c41,buyer-release-final/docs/TECHNICAL-FACT-SHEET.md;buyer-release/docs/TECHNICAL-FACT-SHEET.md;buyer-release/source-tree/docs/TECHNICAL-FACT-SHEET.md (+1 more)
PACKAGE-FINAL,buyer-release-final/source-tree/docs/TESTING.md,9849,144,N,N,d8accf370e746902d04972e55dc6488bc457b7714373bfa02b2f864a2ce1ea8c,buyer-release-final/docs/TESTING.md;buyer-release/docs/TESTING.md;buyer-release/source-tree/docs/TESTING.md (+1 more)
PACKAGE-FINAL,buyer-release-final/source-tree/docs/THIRD-PARTY.md,6339,125,N,N,9110146aa3d39358f5de004e39fe8a972bc79c208dbb21bfba2981c39324d7d1,buyer-release-final/docs/THIRD-PARTY.md;buyer-release/docs/THIRD-PARTY.md;buyer-release/source-tree/docs/THIRD-PARTY.md (+1 more)
PACKAGE-FINAL,buyer-release-final/source-tree/programs/staking-suite/Cargo.lock,160243,6494,N,N,2a00d2817f5538125459a25b3fa43b504b16bfb774d42f2cc8dbc9824af6a9be,buyer-release/source-tree/programs/staking-suite/Cargo.lock;sniper-suite/programs/staking-suite/Cargo.lock
PACKAGE-FINAL,buyer-release-final/source-tree/programs/staking-suite/Cargo.toml,2872,70,N,N,be4209551d916f47b37cea4f1518ab22fd3068d11cc08891a9d8ff9b89683f75,buyer-release/source-tree/programs/staking-suite/Cargo.toml;sniper-suite/programs/staking-suite/Cargo.toml
PACKAGE-FINAL,buyer-release-final/source-tree/programs/staking-suite/.cargo/audit.toml,990,21,N,N,bee2b17167ac23ed3b977347619cf39d393c8358c18364485c5ce93f50cedb4e,buyer-release/source-tree/programs/staking-suite/.cargo/audit.toml;sniper-suite/programs/staking-suite/.cargo/audit.toml
PACKAGE-FINAL,buyer-release-final/source-tree/programs/staking-suite/.cargo/config.toml,481,9,N,N,71358958972696a1a1ceef586553b0ef83bf843fc1d9f88bedb06658659556cb,buyer-release/source-tree/programs/staking-suite/.cargo/config.toml;sniper-suite/programs/staking-suite/.cargo/config.toml
PACKAGE-FINAL,buyer-release-final/source-tree/programs/staking-suite/src/error.rs,7116,197,N,N,85c2a77877cc63224b0544d205ac08e972c77d36ccaad6e8e728135045c636c0,buyer-release/source-tree/programs/staking-suite/src/error.rs;sniper-suite/programs/staking-suite/src/error.rs
PACKAGE-FINAL,buyer-release-final/source-tree/programs/staking-suite/src/instruction.rs,22326,602,N,N,e7bb9347c68e5cf0ca5f53d3e96c4a6e15ae8697dc71e6399c677bd904c7cc8d,buyer-release/source-tree/programs/staking-suite/src/instruction.rs;sniper-suite/programs/staking-suite/src/instruction.rs
PACKAGE-FINAL,buyer-release-final/source-tree/programs/staking-suite/src/lib.rs,2496,57,N,N,b00b86082413a1f9af069c2336754ea392d8a65dbf698d5277c276d584afc66b,buyer-release/source-tree/programs/staking-suite/src/lib.rs;sniper-suite/programs/staking-suite/src/lib.rs
PACKAGE-FINAL,buyer-release-final/source-tree/programs/staking-suite/src/processor.rs,98976,2854,N,N,19ce10aabccd2afc53607c1059057c84459221bec6c77affcaec46ccb6ed0713,buyer-release/source-tree/programs/staking-suite/src/processor.rs;sniper-suite/programs/staking-suite/src/processor.rs
PACKAGE-FINAL,buyer-release-final/source-tree/programs/staking-suite/src/state.rs,16909,424,N,N,4d61b7253ccf5c526a7cf40e3464e1ad51b602010eeabde74604686c016984b1,buyer-release/source-tree/programs/staking-suite/src/state.rs;sniper-suite/programs/staking-suite/src/state.rs
PACKAGE-FINAL,buyer-release-final/source-tree/programs/staking-suite/tests/validator_e2e.rs,45252,1404,N,N,5da1dcec9b44a2bc2ce5ea2633eff6c44c9a1cb3ebe4e85a5c8a29d5c639f2a5,buyer-release/source-tree/programs/staking-suite/tests/validator_e2e.rs;sniper-suite/programs/staking-suite/tests/validator_e2e.rs
PACKAGE-FINAL,buyer-release-final/source-tree/scripts/release-check.sh,8087,181,N,N,4e6e68600c5c79f645a884a801bbac1f180efbf03993b2b6c8bfb2b094b89878,buyer-release-final/deployment/scripts/release-check.sh;buyer-release/deployment/scripts/release-check.sh;buyer-release/source-tree/scripts/release-check.sh (+1 more)
PACKAGE-FINAL,buyer-release-final/source-tree/scripts/staking-identity.sh,9291,213,N,N,24784b9bbb32dfbddea69e3a9ae2781e8976d894f54da392f2f6bfc78e560a53,buyer-release-final/deployment/scripts/staking-identity.sh;sniper-suite/scripts/staking-identity.sh
PACKAGE-FINAL,buyer-release-final/source-tree/scripts/verify-delivery.sh,7062,155,N,N,5b73b1e244ede10c20cd7f1531138a8cac1ef286e38c1b80803ecdd3c4e5b8f3,buyer-release-final/deployment/scripts/verify-delivery.sh;buyer-release/deployment/scripts/verify-delivery.sh;buyer-release/source-tree/scripts/verify-delivery.sh (+1 more)
PACKAGE-FINAL,buyer-release-final/source/sniper-suite-FINAL-src.tar.gz,880418,,Y,N,d0ab6a70deedf6fa17a8e30f02ab86353a0c282ed329f808a8d75acdf1f28ac9,
PACKAGE-FINAL,buyer-release-final/staking-program/PROGRAM-ID-STATUS.md,1639,27,N,N,881bdcdb9f9ec112719dad3404fd3b699ad4100348ef2467ab83df4878adf84f,
PACKAGE-FINAL,buyer-release-final/staking-program/staking_suite.so,187504,,Y,N,57a890fae273f2c569fc814c43f0645311b6983dd30782126a9844ee193b5564,buyer-release-final/binaries/staking_suite.so;buyer-release/binaries/staking_suite.so;buyer-release/staking-program/staking_suite.so (+1 more)
PACKAGE-HISTORICAL,buyer-release/BUYER-RELEASE-MANIFEST.json,8824,107,N,N,d8f6ec240c61fe5aae5c069bf2264cd4c21e8766bb899e17a48400f47fb007fb,buyer-release-final/manifests/BUYER-RELEASE-MANIFEST-hardening-pass-HISTORICAL.json
PACKAGE-HISTORICAL,buyer-release/binaries/staking_suite.so,187504,,Y,N,57a890fae273f2c569fc814c43f0645311b6983dd30782126a9844ee193b5564,buyer-release-final/binaries/staking_suite.so;buyer-release-final/staking-program/staking_suite.so;buyer-release/staking-program/staking_suite.so (+1 more)
PACKAGE-HISTORICAL,buyer-release/checksums/SHA256SUMS,30737,296,N,N,0f3ccfca26593b51fade67369c927901ac9001f85d7e5246f8500934f1642523,
PACKAGE-HISTORICAL,buyer-release/ci/CI-LOCAL-EQUIVALENCE.md,5097,66,N,N,82480503990541af20be3057c00aaf83b157c4ca63e3cfa51c89a0116252d36b,buyer-release-final/ci/CI-LOCAL-EQUIVALENCE.md;buyer-release-final/docs/CI-LOCAL-EQUIVALENCE.md;buyer-release-final/source-tree/docs/CI-LOCAL-EQUIVALENCE.md (+3 more)
PACKAGE-HISTORICAL,buyer-release/ci/ci.yml,7600,211,N,N,8982dd6292e9d268ac37352877baddd89c2ddeea51c709aa9f5e5764dca60a86,buyer-release-final/ci/ci.yml;buyer-release-final/source-tree/.github/workflows/ci.yml;buyer-release/source-tree/.github/workflows/ci.yml (+1 more)
PACKAGE-HISTORICAL,buyer-release/deployment/.env.template,2964,48,N,N,040d3c09f76ef4b1f11b755bbf9a61a03a5938407d00589f9c78210d04681285,buyer-release-final/source-tree/.env.template;buyer-release/source-tree/.env.template;sniper-suite/.env.template
PACKAGE-HISTORICAL,buyer-release/deployment/Dockerfile,2760,73,N,N,89cf34144d13cab9ddbb5dc0421ba75884ca5a0a6af6b41cd2d74ee117642c32,buyer-release-final/deployment/Dockerfile;buyer-release-final/source-tree/Dockerfile;buyer-release/source-tree/Dockerfile (+1 more)
PACKAGE-HISTORICAL,buyer-release/deployment/config.toml.example,18662,385,N,N,a09979e07c2b1e9f69ed0e555e30c2c24267d9db3a7384240ce685d64c00a011,buyer-release-final/deployment/config.toml.example;buyer-release-final/source-tree/config.toml.example;buyer-release/source-tree/config.toml.example (+2 more)
PACKAGE-HISTORICAL,buyer-release/deployment/docker-compose.yml,2769,79,N,N,f36bd755d8a89337095148008ecfa37ff2f60fdd08db5f5de40dc83a07a70e88,buyer-release-final/deployment/docker-compose.yml;buyer-release-final/source-tree/docker-compose.yml;buyer-release/source-tree/docker-compose.yml (+1 more)
PACKAGE-HISTORICAL,buyer-release/deployment/migrations/0001_bootstrap.sql,3432,79,N,N,45c5f0896ac9f91f9f176aa7c020a8fef80d7d752a17ff97bcb742c5862d7d08,buyer-release-final/deployment/migrations/0001_bootstrap.sql;buyer-release-final/source-tree/crates/core/migrations/0001_bootstrap.sql;buyer-release/source-tree/crates/core/migrations/0001_bootstrap.sql (+1 more)
PACKAGE-HISTORICAL,buyer-release/deployment/migrations/0002_orders_executions.sql,4808,97,N,N,4d41335901f325fba03460603bac20c49c47e977100ada174e4473d7ebce5781,buyer-release-final/deployment/migrations/0002_orders_executions.sql;buyer-release-final/source-tree/crates/core/migrations/0002_orders_executions.sql;buyer-release/source-tree/crates/core/migrations/0002_orders_executions.sql (+1 more)
PACKAGE-HISTORICAL,buyer-release/deployment/migrations/0003_positions_trades.sql,3791,78,N,N,0c2066804b827aabfbf9cd336094e6fb4754c4e13fec1f5e3a749c3fa6f2f40a,buyer-release-final/deployment/migrations/0003_positions_trades.sql;buyer-release-final/source-tree/crates/core/migrations/0003_positions_trades.sql;buyer-release/source-tree/crates/core/migrations/0003_positions_trades.sql (+1 more)
PACKAGE-HISTORICAL,buyer-release/deployment/migrations/0004_dedup_risk_audit.sql,2287,49,N,N,94f03e45f7fff3c10fcbe51d56041bd020ba0345f5a7cfe06b6d47fe87e7633c,buyer-release-final/deployment/migrations/0004_dedup_risk_audit.sql;buyer-release-final/source-tree/crates/core/migrations/0004_dedup_risk_audit.sql;buyer-release/source-tree/crates/core/migrations/0004_dedup_risk_audit.sql (+1 more)
PACKAGE-HISTORICAL,buyer-release/deployment/migrations/0005_reconciliation.sql,1548,32,N,N,7a8fbc5c1c938df4ad6cd96016ee59b2b0f3e439238d3478791a3fc17d345111,buyer-release-final/deployment/migrations/0005_reconciliation.sql;buyer-release-final/source-tree/crates/core/migrations/0005_reconciliation.sql;buyer-release/source-tree/crates/core/migrations/0005_reconciliation.sql (+1 more)
PACKAGE-HISTORICAL,buyer-release/deployment/migrations/0006_transaction_attribution.sql,866,15,N,N,5690e5a617fdd173295312479356dc613f26cc0fc9f50a849a7fc9f20dbfea0c,buyer-release-final/deployment/migrations/0006_transaction_attribution.sql;buyer-release-final/source-tree/crates/core/migrations/0006_transaction_attribution.sql;buyer-release/source-tree/crates/core/migrations/0006_transaction_attribution.sql (+1 more)
PACKAGE-HISTORICAL,buyer-release/deployment/migrations/0007_intent_journal.sql,1400,29,N,N,0eabc577ba64cf8cbf0e3346d6859a4fde54b80542ff903d9b6a439f8696be99,buyer-release-final/deployment/migrations/0007_intent_journal.sql;buyer-release-final/source-tree/crates/core/migrations/0007_intent_journal.sql;buyer-release/source-tree/crates/core/migrations/0007_intent_journal.sql (+1 more)
PACKAGE-HISTORICAL,buyer-release/deployment/migrations/0008_intent_claim_kind.sql,854,18,N,N,fab129cd428416d2cacfa39a7d8ea7dbe5222feccdcd0273705427e4cb9d4894,buyer-release-final/deployment/migrations/0008_intent_claim_kind.sql;buyer-release-final/source-tree/crates/core/migrations/0008_intent_claim_kind.sql;buyer-release/source-tree/crates/core/migrations/0008_intent_claim_kind.sql (+1 more)
PACKAGE-HISTORICAL,buyer-release/deployment/migrations/0009_execution_claims.sql,2096,42,N,N,c3588d72a6173ae6cb1f38fe43913ab20f40eee662f4277501bf0e2ea5fb3279,buyer-release-final/deployment/migrations/0009_execution_claims.sql;buyer-release-final/source-tree/crates/core/migrations/0009_execution_claims.sql;buyer-release/source-tree/crates/core/migrations/0009_execution_claims.sql (+1 more)
PACKAGE-HISTORICAL,buyer-release/deployment/migrations/0010_runtime_flags.sql,874,18,N,N,be7112caf0e12acc0367ced8758fb14187ae9502c4acd6ff519b6a1f6824c1e5,buyer-release-final/deployment/migrations/0010_runtime_flags.sql;buyer-release-final/source-tree/crates/core/migrations/0010_runtime_flags.sql;buyer-release/source-tree/crates/core/migrations/0010_runtime_flags.sql (+1 more)
PACKAGE-HISTORICAL,buyer-release/deployment/migrations/0011_execution_claim_events.sql,1487,32,N,N,60a579e912b4becccb081dd009bd447669c74c5c462d77bb4351b92f525903b8,buyer-release-final/deployment/migrations/0011_execution_claim_events.sql;buyer-release-final/source-tree/crates/core/migrations/0011_execution_claim_events.sql;buyer-release/source-tree/crates/core/migrations/0011_execution_claim_events.sql (+1 more)
PACKAGE-HISTORICAL,buyer-release/deployment/scripts/release-check.sh,8087,181,N,N,4e6e68600c5c79f645a884a801bbac1f180efbf03993b2b6c8bfb2b094b89878,buyer-release-final/deployment/scripts/release-check.sh;buyer-release-final/source-tree/scripts/release-check.sh;buyer-release/source-tree/scripts/release-check.sh (+1 more)
PACKAGE-HISTORICAL,buyer-release/deployment/scripts/staking-identity.sh,8715,205,N,N,61ff70b5cb90d6b25de56567cd8ba73a8890db8568b4e354db91ee32846c48fc,buyer-release/source-tree/scripts/staking-identity.sh
PACKAGE-HISTORICAL,buyer-release/deployment/scripts/verify-delivery.sh,7062,155,N,N,5b73b1e244ede10c20cd7f1531138a8cac1ef286e38c1b80803ecdd3c4e5b8f3,buyer-release-final/deployment/scripts/verify-delivery.sh;buyer-release-final/source-tree/scripts/verify-delivery.sh;buyer-release/source-tree/scripts/verify-delivery.sh (+1 more)
PACKAGE-HISTORICAL,buyer-release/docker/BLOCKED-NOTE.md,990,18,N,N,9d25cc7e58ab9045cee6ceca012e104213fab0b1c853c19a2ccf9435397047df,buyer-release-final/docker/BLOCKED-NOTE.md
PACKAGE-HISTORICAL,buyer-release/docs/ACCEPTANCE-CHECKLIST.md,7447,135,N,N,267aec5e1a44c1d3c1812050baa450f943d7b1f822aab4c844d500d8cae0467f,buyer-release-final/docs/ACCEPTANCE-CHECKLIST.md;buyer-release-final/source-tree/docs/ACCEPTANCE-CHECKLIST.md;buyer-release/source-tree/docs/ACCEPTANCE-CHECKLIST.md (+1 more)
PACKAGE-HISTORICAL,buyer-release/docs/API.md,5081,109,N,N,4a02c0b00f60881a9b0b063fc9120a720a667aaa41b85482125389793f4f75a4,buyer-release-final/docs/API.md;buyer-release-final/source-tree/docs/API.md;buyer-release/source-tree/docs/API.md (+1 more)
PACKAGE-HISTORICAL,buyer-release/docs/ARCHITECTURE.md,6555,101,N,N,86951393588459b3ea923825dd5118669cffcde4950ab38a734d334f28709a39,buyer-release-final/docs/ARCHITECTURE.md;buyer-release-final/source-tree/docs/ARCHITECTURE.md;buyer-release/source-tree/docs/ARCHITECTURE.md (+1 more)
PACKAGE-HISTORICAL,buyer-release/docs/ARCHIVE-CHECKLIST.md,5216,106,N,N,cb970bb75c8042c77bbf4a7176a774609f55fc84a749f38fe8ea1608324be2aa,buyer-release-final/docs/ARCHIVE-CHECKLIST.md;buyer-release-final/source-tree/docs/ARCHIVE-CHECKLIST.md;buyer-release/source-tree/docs/ARCHIVE-CHECKLIST.md (+1 more)
PACKAGE-HISTORICAL,buyer-release/docs/AUDIT.md,160152,1767,N,N,bf196d35f18c53c206fa9f714421c0b1584ff6aa27efecb06a14a73c10a0e90c,buyer-release-final/source-tree/AUDIT.md;buyer-release/source-tree/AUDIT.md;sniper-suite/AUDIT.md
PACKAGE-HISTORICAL,buyer-release/docs/BACKUP-RESTORE.md,6554,130,N,N,3c15125c97ba42771f8223a6dc8ad8ae1a935b8b8df7bf2a9c3d6a274dad4df1,buyer-release-final/docs/BACKUP-RESTORE.md;buyer-release-final/source-tree/docs/BACKUP-RESTORE.md;buyer-release/source-tree/docs/BACKUP-RESTORE.md (+1 more)
PACKAGE-HISTORICAL,buyer-release/docs/BUYER-ACCEPTANCE-TEST.md,13618,340,N,N,0f0176c3b9c169883cb6cf7883a2ae26d5c56819c31af24d84d028c2bc67e244,buyer-release/source-tree/docs/BUYER-ACCEPTANCE-TEST.md
PACKAGE-HISTORICAL,buyer-release/docs/BUYER-DEPLOYMENT.md,9194,207,N,N,49bc417e3fd3c66ba48099defdd538e973c7abd6cf6bbbc02cdbdb8d16423d54,buyer-release-final/docs/BUYER-DEPLOYMENT.md;buyer-release-final/source-tree/docs/BUYER-DEPLOYMENT.md;buyer-release/source-tree/docs/BUYER-DEPLOYMENT.md (+1 more)
PACKAGE-HISTORICAL,buyer-release/docs/BUYER-DUE-DILIGENCE.md,10973,98,N,N,12e4067647dd9c4c3f75600d8cd389c5abd19d43f7a8bc8ce65be571b60c27a7,buyer-release-final/docs/BUYER-DUE-DILIGENCE.md;buyer-release-final/source-tree/docs/BUYER-DUE-DILIGENCE.md;buyer-release/source-tree/docs/BUYER-DUE-DILIGENCE.md (+1 more)
PACKAGE-HISTORICAL,buyer-release/docs/BUYER-FAQ.md,9165,161,N,N,6e8d33950c5469fa94b2e767094883e10d3eec9067ff2112931a3111b46b7715,buyer-release-final/docs/BUYER-FAQ.md;buyer-release-final/source-tree/docs/BUYER-FAQ.md;buyer-release/source-tree/docs/BUYER-FAQ.md (+1 more)
PACKAGE-HISTORICAL,buyer-release/docs/BUYER-OVERVIEW.md,12951,225,N,N,f47ab17528c5c952c2c98e3ee755e441d6a9058079b14e0e1b1af5ae121fa04d,buyer-release-final/docs/BUYER-OVERVIEW.md;buyer-release-final/source-tree/docs/BUYER-OVERVIEW.md;buyer-release/source-tree/docs/BUYER-OVERVIEW.md (+1 more)
PACKAGE-HISTORICAL,buyer-release/docs/BUYER-QUICKSTART.md,7881,221,N,N,f4b07c1be1936ee9b23854a5697bf4b3bbd08236ec3c808aaee43f22d2f94046,buyer-release-final/docs/BUYER-QUICKSTART.md;buyer-release-final/source-tree/docs/BUYER-QUICKSTART.md;buyer-release/source-tree/docs/BUYER-QUICKSTART.md (+1 more)
PACKAGE-HISTORICAL,buyer-release/docs/BUYER-RISK-REGISTER.md,9083,42,N,N,63ea3fe9c8c5d484e1578bd14d24611819f7c402bc5f4c7e697f36e39093364d,buyer-release-final/docs/BUYER-RISK-REGISTER.md;buyer-release-final/source-tree/docs/BUYER-RISK-REGISTER.md;buyer-release/source-tree/docs/BUYER-RISK-REGISTER.md (+1 more)
PACKAGE-HISTORICAL,buyer-release/docs/CAPABILITY-MATRIX.md,12711,66,N,N,6fd356c24fc2c9a04250c1efa8fd263cd593f6e8b04ce6a0e7898d3a2612fdda,buyer-release-final/docs/CAPABILITY-MATRIX.md;buyer-release-final/source-tree/docs/CAPABILITY-MATRIX.md;buyer-release/source-tree/docs/CAPABILITY-MATRIX.md (+1 more)
PACKAGE-HISTORICAL,buyer-release/docs/CHANGELOG.md,14955,248,N,N,218d0b1b7e27649132656faaca2e00748ab71e7883a76b71bc1fbcc0d7d9b5b5,buyer-release/source-tree/CHANGELOG.md
PACKAGE-HISTORICAL,buyer-release/docs/CI-LOCAL-EQUIVALENCE.md,5097,66,N,N,82480503990541af20be3057c00aaf83b157c4ca63e3cfa51c89a0116252d36b,buyer-release-final/ci/CI-LOCAL-EQUIVALENCE.md;buyer-release-final/docs/CI-LOCAL-EQUIVALENCE.md;buyer-release-final/source-tree/docs/CI-LOCAL-EQUIVALENCE.md (+3 more)
PACKAGE-HISTORICAL,buyer-release/docs/DELIVERY-MANIFEST.md,10739,109,N,N,eff697de98b1719a85ea3b20937cd5f3489bf471b4ad3f7caa5b024d5a90655e,buyer-release/source-tree/docs/DELIVERY-MANIFEST.md
PACKAGE-HISTORICAL,buyer-release/docs/DEMO-RUNBOOK.md,10889,220,N,N,0cd36f64d3e964828e6fc1911f3f68d51a9b29d10a99cc07d90b5f95fa430b08,buyer-release-final/docs/DEMO-RUNBOOK.md;buyer-release-final/source-tree/docs/DEMO-RUNBOOK.md;buyer-release/source-tree/docs/DEMO-RUNBOOK.md (+1 more)
PACKAGE-HISTORICAL,buyer-release/docs/DEPLOYMENT.md,4327,98,N,N,736d427563c0a168ffd3f7ac365ade133e61b1f62c3d16748285e1fd8a70bbdd,buyer-release-final/docs/DEPLOYMENT.md;buyer-release-final/source-tree/docs/DEPLOYMENT.md;buyer-release/source-tree/docs/DEPLOYMENT.md (+1 more)
PACKAGE-HISTORICAL,buyer-release/docs/DISTRIBUTED.md,21861,350,N,N,e2dd1eaf0597b44ce6b073ad1533bfd766491ee619dc10b9a436f4e3fdf2a8d7,buyer-release-final/docs/DISTRIBUTED.md;buyer-release-final/source-tree/docs/DISTRIBUTED.md;buyer-release/source-tree/docs/DISTRIBUTED.md (+1 more)
PACKAGE-HISTORICAL,buyer-release/docs/EVIDENCE-INDEX.md,12803,98,N,N,19dc9814248dbfbcaed872689322c8362bf35c5d2b85a6526b03aac95c7f6108,buyer-release/source-tree/docs/EVIDENCE-INDEX.md
PACKAGE-HISTORICAL,buyer-release/docs/FINAL-DELIVERY.md,14177,226,N,N,92448f843d85b07626fed1cb27d1dce02b45c83b7c81a088fe520ae081dc569a,buyer-release-final/docs/FINAL-DELIVERY.md;buyer-release-final/source-tree/docs/FINAL-DELIVERY.md;buyer-release/source-tree/docs/FINAL-DELIVERY.md (+1 more)
PACKAGE-HISTORICAL,buyer-release/docs/HANDOVER.md,9300,165,N,N,d0f4cabbb4a9d336686e7adc235e74c4ac4b60b946e961a3585ec3714598206c,buyer-release-final/docs/HANDOVER.md;buyer-release-final/source-tree/docs/HANDOVER.md;buyer-release/source-tree/docs/HANDOVER.md (+1 more)
PACKAGE-HISTORICAL,buyer-release/docs/IP-COMPONENTS.md,13801,259,N,N,d2e3e43dfc29e0278fff6fedbd1d6239b55632a2f1ee865f14d0432883c2ee12,buyer-release-final/docs/IP-COMPONENTS.md;buyer-release-final/source-tree/docs/IP-COMPONENTS.md;buyer-release/source-tree/docs/IP-COMPONENTS.md (+1 more)
PACKAGE-HISTORICAL,buyer-release/docs/LICENSE,1536,30,N,N,dd2bbeb411c4659c256df7c9b4b063fbab796e312faeaa7cb2c4af45b5719ca5,buyer-release-final/source-tree/LICENSE;buyer-release/source-tree/LICENSE;sniper-suite/LICENSE
PACKAGE-HISTORICAL,buyer-release/docs/LIVE-VALIDATION.md,7882,174,N,N,9eece8b46e2d08d1c05dd4e26e995f23aa44a6f2132b3153ddd048f9e09075d2,buyer-release-final/docs/LIVE-VALIDATION.md;buyer-release-final/source-tree/docs/LIVE-VALIDATION.md;buyer-release/source-tree/docs/LIVE-VALIDATION.md (+1 more)
PACKAGE-HISTORICAL,buyer-release/docs/MODULES.md,6239,115,N,N,e7206730e2449a8100e92e802fa853ba1eb082fd84e9d7132c604d57db6ad5c6,buyer-release-final/docs/MODULES.md;buyer-release-final/source-tree/docs/MODULES.md;buyer-release/source-tree/docs/MODULES.md (+1 more)
PACKAGE-HISTORICAL,buyer-release/docs/OPERATIONS.md,5741,125,N,N,03347d3af66108a976344499b5fb96eee04c257ca2d688c8d892453aeb2f5088,buyer-release-final/docs/OPERATIONS.md;buyer-release-final/source-tree/docs/OPERATIONS.md;buyer-release/source-tree/docs/OPERATIONS.md (+1 more)
PACKAGE-HISTORICAL,buyer-release/docs/README.md,32199,616,N,N,fdd9f087fe97f7a23c2c3f668df99088b4d0425243c7ef134b01a96cf8f00f94,buyer-release/source-tree/README.md
PACKAGE-HISTORICAL,buyer-release/docs/RECONCILIATION.md,23013,379,N,N,dc339ab78919268d3df213333750d1a1f9edb12e6f12692d84b6e2fe564cf275,buyer-release-final/docs/RECONCILIATION.md;buyer-release-final/source-tree/docs/RECONCILIATION.md;buyer-release/source-tree/docs/RECONCILIATION.md (+1 more)
PACKAGE-HISTORICAL,buyer-release/docs/RELEASE-NOTES-0.1.0.md,6340,112,N,N,8659c884dd7ed4340bc8b63c7535128873eec08aeac0c980438d3528582bdca5,buyer-release-final/docs/RELEASE-NOTES-0.1.0.md;buyer-release-final/source-tree/docs/RELEASE-NOTES-0.1.0.md;buyer-release/source-tree/docs/RELEASE-NOTES-0.1.0.md (+1 more)
PACKAGE-HISTORICAL,buyer-release/docs/RELEASE.md,7644,140,N,N,c04417bd77ae2f857f1301f6b2d4f7c909433f8e7008bcbe2deba67b610ff20f,buyer-release-final/docs/RELEASE.md;buyer-release-final/source-tree/docs/RELEASE.md;buyer-release/source-tree/docs/RELEASE.md (+1 more)
PACKAGE-HISTORICAL,buyer-release/docs/REPOSITORY-MAP.md,13533,203,N,N,24e50bcc5e9f5f75231dbe300287ae91b908f56141ba496ef0c7ee8b8975e337,buyer-release/source-tree/docs/REPOSITORY-MAP.md
PACKAGE-HISTORICAL,buyer-release/docs/SCOPE-BOUNDARY.md,5393,99,N,N,848089c2474124d93a90b4aadc89f32207feca836cc9d1c579977acc6ab1ab59,buyer-release-final/docs/SCOPE-BOUNDARY.md;buyer-release-final/source-tree/docs/SCOPE-BOUNDARY.md;buyer-release/source-tree/docs/SCOPE-BOUNDARY.md (+1 more)
PACKAGE-HISTORICAL,buyer-release/docs/SECURITY.md,1747,43,N,N,d788db3106816b5d411c88323a959d26c2ab13b9ab61438e5bf90b3b17de0afe,buyer-release-final/source-tree/SECURITY.md;buyer-release/source-tree/SECURITY.md;sniper-suite/SECURITY.md
PACKAGE-HISTORICAL,buyer-release/docs/SELLER-FACT-SHEET.md,8639,163,N,N,679bb3ceb4c98fbfa6af87884ac90246cc90e397bed6adf5d44e70b707d56c10,buyer-release-final/docs/SELLER-FACT-SHEET.md;buyer-release-final/source-tree/docs/SELLER-FACT-SHEET.md;buyer-release/source-tree/docs/SELLER-FACT-SHEET.md (+1 more)
PACKAGE-HISTORICAL,buyer-release/docs/SELLING-LISTING-SOURCE.md,9175,171,N,N,644a2d772dd639777bd2f316a6465ee103c119bc4cad5240372c571eb4674eb2,buyer-release-final/docs/SELLING-LISTING-SOURCE.md;buyer-release-final/source-tree/docs/SELLING-LISTING-SOURCE.md;buyer-release/source-tree/docs/SELLING-LISTING-SOURCE.md (+1 more)
PACKAGE-HISTORICAL,buyer-release/docs/STAKING.md,9127,157,N,N,ecf9fc404ff2ad5c1821d6c7d1e76aaf8eefd7706be84a956d52ac406458ed90,buyer-release-final/docs/STAKING.md;buyer-release-final/source-tree/docs/STAKING.md;buyer-release/source-tree/docs/STAKING.md (+1 more)
PACKAGE-HISTORICAL,buyer-release/docs/SUPPORT-HANDOVER.md,6571,133,N,N,6fe3f35da7cae943177b191efa8841a8273b97ece516f177dc2c349c393353d6,buyer-release-final/docs/SUPPORT-HANDOVER.md;buyer-release-final/source-tree/docs/SUPPORT-HANDOVER.md;buyer-release/source-tree/docs/SUPPORT-HANDOVER.md (+1 more)
PACKAGE-HISTORICAL,buyer-release/docs/TECHNICAL-DIFFERENTIATORS.md,7796,140,N,N,32f433294114138a56c3098475595fd59f9b1849f477231f26e9bb17a6dc7f6b,buyer-release-final/docs/TECHNICAL-DIFFERENTIATORS.md;buyer-release-final/source-tree/docs/TECHNICAL-DIFFERENTIATORS.md;buyer-release/source-tree/docs/TECHNICAL-DIFFERENTIATORS.md (+1 more)
PACKAGE-HISTORICAL,buyer-release/docs/TECHNICAL-FACT-SHEET.md,9132,151,N,N,5b849950ace6ef52f3b582305e020178768f39efa225f4ae2c2feb7fd4b10c41,buyer-release-final/docs/TECHNICAL-FACT-SHEET.md;buyer-release-final/source-tree/docs/TECHNICAL-FACT-SHEET.md;buyer-release/source-tree/docs/TECHNICAL-FACT-SHEET.md (+1 more)
PACKAGE-HISTORICAL,buyer-release/docs/TESTING.md,9849,144,N,N,d8accf370e746902d04972e55dc6488bc457b7714373bfa02b2f864a2ce1ea8c,buyer-release-final/docs/TESTING.md;buyer-release-final/source-tree/docs/TESTING.md;buyer-release/source-tree/docs/TESTING.md (+1 more)
PACKAGE-HISTORICAL,buyer-release/docs/THIRD-PARTY.md,6339,125,N,N,9110146aa3d39358f5de004e39fe8a972bc79c208dbb21bfba2981c39324d7d1,buyer-release-final/docs/THIRD-PARTY.md;buyer-release-final/source-tree/docs/THIRD-PARTY.md;buyer-release/source-tree/docs/THIRD-PARTY.md (+1 more)
PACKAGE-HISTORICAL,buyer-release/docs/VERSION,6,1,N,N,e9dd8507f4bf0c6f42458e41aea833ad0bd3f6127272335eee9bf4d58541ed67,buyer-release-final/source-tree/VERSION;buyer-release/source-tree/VERSION;sniper-suite/VERSION
PACKAGE-HISTORICAL,buyer-release/docs/release-manifest.json,9462,116,N,N,b0aea36991b0273597950076ada6bfbf160b0f54955b0061c78c54f5045cab5b,buyer-release/source-tree/release-manifest.json
PACKAGE-HISTORICAL,buyer-release/evidence/app-startup/phase8b-app.log,3951,24,N,N,76b6cfb55eb7b50b83017890370e09f26714533aae376ad44a21bbf62da164c5,buyer-release-final/evidence/app-startup/phase8b-app.log;evidence/phase8b-app.log
PACKAGE-HISTORICAL,buyer-release/evidence/app-startup/phase8b-endpoints.log,2043,28,N,N,219eef783515322f65208c7239c6642f7efebffeab35c715e4046c491ad0e642,buyer-release-final/evidence/app-startup/phase8b-endpoints.log;evidence/phase8b-endpoints.log
PACKAGE-HISTORICAL,buyer-release/evidence/app-startup/phase8b-main.log,2365,35,N,N,c2d935ee0fc05d09cf8e5d6d6951332416f59e690b65783ca4d80b221572bb6e,buyer-release-final/database/phase8b-main.log;buyer-release-final/evidence/app-startup/phase8b-main.log;evidence/phase8b-main.log
PACKAGE-HISTORICAL,buyer-release/evidence/app-startup/phase8b-shutdown.log,572,6,N,N,2b244c726269dae1e38995d1bef608c20cd7cd8574bcfbf318ad33562febf8b5,buyer-release-final/evidence/app-startup/phase8b-shutdown.log;evidence/phase8b-shutdown.log
PACKAGE-HISTORICAL,buyer-release/evidence/benchmarks/benchmarks-2026-09-18.json,2424,61,N,N,53eeac7702e05fdad38b7b7e6c1bbccb516d2d69546554ad8fe4d91d0d13c021,buyer-release-final/benchmarks/benchmarks-2026-09-18.json;evidence/benchmarks-2026-09-18.json
PACKAGE-HISTORICAL,buyer-release/evidence/benchmarks/phase11-latency-devnet.log,8355,210,N,N,c840ad392f4e578a0c5fcf2c50c197d8cb79ec224cad2fd0fd2b843ed35c11ec,buyer-release-final/benchmarks/phase11-latency-devnet.log;evidence/phase11-latency-devnet.log
PACKAGE-HISTORICAL,buyer-release/evidence/db/backup-2026-09-18T15:44:22Z.dump,116964,,Y,N,5989ecf1ff2b2a8bd693fbb0aa8a16d2ece708a6ebdb354aecf5492ee93fec3c,buyer-release-final/database/backup-2026-09-18T15:44:22Z.dump;evidence/backup-2026-09-18T15:44:22Z.dump
PACKAGE-HISTORICAL,buyer-release/evidence/db/backup-2026-09-18T15:47:37Z.dump,116973,,Y,N,740ac85839897d96ae8f8e30c8f5e2372242f6fdd7bf2d97eb9308e03c6629a9,buyer-release-final/database/backup-2026-09-18T15:47:37Z.dump;evidence/backup-2026-09-18T15:47:37Z.dump
PACKAGE-HISTORICAL,buyer-release/evidence/db/phase8-1-populate.log,1494,30,N,N,acf86938988f2efa053f52b88d501f70c1bfc698db76f2a7de1c094cbfeccf9a,buyer-release-final/database/phase8-1-populate.log;evidence/phase8-1-populate.log
PACKAGE-HISTORICAL,buyer-release/evidence/db/phase8-3-dump.sha256,119,1,N,N,be1946fa9bf907a81f2e415b0d2ba472ebda64697938d959af5a1e7fc53b566a,buyer-release-final/database/phase8-3-dump.sha256;evidence/phase8-3-dump.sha256
PACKAGE-HISTORICAL,buyer-release/evidence/db/phase8-4-restore.log,0,0,N,N,e3b0c44298fc1c149afbf4c8996fb92427ae41e4649b934ca495991b7852b855,.sudo_as_admin_successful;buyer-release-final/database/phase8-4-restore.log;evidence/phase8-4-restore.log (+4 more)
PACKAGE-HISTORICAL,buyer-release/evidence/db/phase8-6-restored-rerun.log,1494,30,N,N,8523a3d8467f0bc0910c591278696303baa669b8eb54fcfd52b6f20536309ad6,buyer-release-final/evidence/tests/phase8-6-restored-rerun.log;evidence/phase8-6-restored-rerun.log
PACKAGE-HISTORICAL,buyer-release/evidence/db/phase8-7-app.log,128,1,N,N,0880219f2bff21ad00fd0058b8efd1568d0f1fb8947c58bb82f060c2f52ce31c,buyer-release-final/database/phase8-7-app.log;evidence/phase8-7-app.log
PACKAGE-HISTORICAL,buyer-release/evidence/db/phase8-main.log,1159,25,N,N,ae827b2ea8ff09c71b79901f9d5aec3d99fdeae00c9b540b0a6b05526bcd9c60,buyer-release-final/database/phase8-main.log;evidence/phase8-main.log
PACKAGE-HISTORICAL,buyer-release/evidence/db/phase8-rst-migrations.txt,1301,11,N,N,754c2846263c30fc41a9a7ae0039cac19e7adebbd9e3d6d94a1defc442c3104a,buyer-release-final/database/phase8-rst-migrations.txt;buyer-release-final/database/phase8-src-migrations.txt;buyer-release/evidence/db/phase8-src-migrations.txt (+2 more)
PACKAGE-HISTORICAL,buyer-release/evidence/db/phase8-rst-rowcounts.txt,389,24,N,N,da35a59f2852e4c7ea97676ea0290d445049075ca56c696b0be77ddc2dc75370,buyer-release-final/database/phase8-rst-rowcounts.txt;buyer-release-final/database/phase8-src-rowcounts.txt;buyer-release/evidence/db/phase8-src-rowcounts.txt (+2 more)
PACKAGE-HISTORICAL,buyer-release/evidence/db/phase8-rst-tables.txt,339,24,N,N,68cfda5752958e95d18403056e95ea537be21468cac2b8d9036a665076fb6300,buyer-release-final/database/phase8-rst-tables.txt;buyer-release-final/database/phase8-src-tables.txt;buyer-release/evidence/db/phase8-src-tables.txt (+2 more)
PACKAGE-HISTORICAL,buyer-release/evidence/db/phase8-src-migrations.txt,1301,11,N,N,754c2846263c30fc41a9a7ae0039cac19e7adebbd9e3d6d94a1defc442c3104a,buyer-release-final/database/phase8-rst-migrations.txt;buyer-release-final/database/phase8-src-migrations.txt;buyer-release/evidence/db/phase8-rst-migrations.txt (+2 more)
PACKAGE-HISTORICAL,buyer-release/evidence/db/phase8-src-rowcounts.txt,389,24,N,N,da35a59f2852e4c7ea97676ea0290d445049075ca56c696b0be77ddc2dc75370,buyer-release-final/database/phase8-rst-rowcounts.txt;buyer-release-final/database/phase8-src-rowcounts.txt;buyer-release/evidence/db/phase8-rst-rowcounts.txt (+2 more)
PACKAGE-HISTORICAL,buyer-release/evidence/db/phase8-src-tables.txt,339,24,N,N,68cfda5752958e95d18403056e95ea537be21468cac2b8d9036a665076fb6300,buyer-release-final/database/phase8-rst-tables.txt;buyer-release-final/database/phase8-src-tables.txt;buyer-release/evidence/db/phase8-rst-tables.txt (+2 more)
PACKAGE-HISTORICAL,buyer-release/evidence/compile-logs/phase2-check.log,25,1,N,N,efbf5de364ec86882a953708a039f5c90dbc0d29c48f21782781c750862067e1,buyer-release-final/evidence/compile-logs/phase2-check.log;evidence/phase2-check.log
PACKAGE-HISTORICAL,buyer-release/evidence/compile-logs/phase2-fmt.log,23,1,N,N,3c0ce9816089e497551df8bcb2e637640263be5e71aec7c184cbc84e582611d6,buyer-release-final/evidence/compile-logs/phase2-fmt.log;evidence/phase2-fmt.log
PACKAGE-HISTORICAL,buyer-release/evidence/compile-logs/phase3-sbf-determinism-rerun.log,19147,424,N,N,7b53e7baa7e17bd35befdf6784221b1c27a7331db7f0429ca4ffbfb9f34e5694,buyer-release-final/evidence/compile-logs/phase3-sbf-determinism-rerun.log;evidence/phase3-sbf-determinism-rerun.log
PACKAGE-HISTORICAL,buyer-release/evidence/compile-logs/phase3-sbf-rebuild.log,16844,373,N,N,fcbec59de6589bc931e57c8846044fc739e4b2a215373da3bc19bb60b1059d6f,buyer-release-final/evidence/compile-logs/phase3-sbf-rebuild.log;evidence/phase3-sbf-rebuild.log
PACKAGE-HISTORICAL,buyer-release/evidence/gates/release-check-final.log,2351381,34597,N,N,ec269724551d8d0d0b723504bf301d007e463b51017ecfa784fe27058c58377b,buyer-release-final/evidence/gates/release-check-final.log;evidence/release-check-final.log
PACKAGE-HISTORICAL,buyer-release/evidence/gates/verify-delivery-final.log,539,10,N,N,9d6ba418074a6eef752d63cde13cad8169f0d0f3178ae37a021d300f65a48c3c,buyer-release-final/evidence/gates/verify-delivery-final.log;evidence/verify-delivery-final.log
PACKAGE-HISTORICAL,buyer-release/evidence/inventory/cargo-metadata.json,3575950,1,N,N,6c8b81cdb51b3d317273cc6dc49d25f0100630314beb70d35fccf3d34a2bfb95,buyer-release-final/evidence/inventory/cargo-metadata.json;evidence/cargo-metadata.json
PACKAGE-HISTORICAL,buyer-release/evidence/inventory/ledger.csv,15117,29,N,N,cd2c6a04f1e0bc41e34711ab3d35f9f7ace1a637ec8f961696d624eb37e07ac4,
PACKAGE-HISTORICAL,buyer-release/evidence/inventory/package-completeness.csv,55174,176,N,N,d4f6b886fa2a4f6c51bfb0f5d6cd412a2aefa76426c7a9691eceb80792c42d44,
PACKAGE-HISTORICAL,buyer-release/evidence/inventory/source-inventory.csv,18385,176,N,N,05b3edfeb0434945a986948906a6d8163c1df1e25d5d695ab4f407ed7b96d0af,
PACKAGE-HISTORICAL,buyer-release/evidence/inventory/source-inventory.json,29861,1065,N,N,5186af77b7e409c87e0481c2c0c0e2ac6fed1b95157651745e97d212672818a7,
PACKAGE-HISTORICAL,buyer-release/evidence/sbom/cargo-tree-app.txt,21143,894,N,N,97ccf999495909a4525e8dcd2311998d117925a1002a1695008e1e84319f1904,buyer-release-final/evidence/sbom/cargo-tree-app.txt;evidence/sbom/cargo-tree-app.txt
PACKAGE-HISTORICAL,buyer-release/evidence/sbom/sbom-summary.log,504,12,N,N,ad8e10e1e1a2aa5e59bbcca754eecc0e34096745fce62b6945ad1003fba2b48c,buyer-release-final/evidence/sbom/sbom-summary.log;evidence/sbom/sbom-summary.log
PACKAGE-HISTORICAL,buyer-release/evidence/sbom/cargo-tree-staking.txt,16501,714,N,N,e68b14628248a1f183e4349eccdb346935ea434764f0df022504df7d4e5b5ebc,buyer-release-final/evidence/sbom/cargo-tree-staking.txt;evidence/sbom/cargo-tree-staking.txt
PACKAGE-HISTORICAL,buyer-release/evidence/security/SECURITY-EVIDENCE-INDEX.md,6564,46,N,N,c473ffffecba57bcfb7427c2d7bc96f8c70c7aad804f38e0826d26abd64022c4,
PACKAGE-HISTORICAL,buyer-release/evidence/security/deny.log,2213765,31170,N,N,3bc5c5103ee709805770f24aa062f1088e0cbafb90206895526e9f47c6e67337,buyer-release-final/security/deny.log;evidence/security/deny.log
PACKAGE-HISTORICAL,buyer-release/evidence/security/audit-app.log,2465,85,N,N,8ecc1a0e8d8e84bcdee3e175353220cca7024748d74541ade4ce0c359f12eafe,buyer-release-final/security/audit-app.log;evidence/security/audit-app.log
PACKAGE-HISTORICAL,buyer-release/evidence/security/audit-staking.log,2335,79,N,N,5caabc25ed315a284e1344019e2066b816628681eadea763ce755c0ce67a2009,buyer-release-final/security/audit-staking.log;evidence/security/audit-staking.log
PACKAGE-HISTORICAL,buyer-release/evidence/security/static-scans.log,546,15,N,N,f730e2557f6a59c08efd4698ffc43aae2f169e76c3f6fb821b27b2e694396ad0,buyer-release-final/security/static-scans.log;evidence/security/static-scans.log
PACKAGE-HISTORICAL,buyer-release/evidence/tests/phase2-staking-clippy.log,15416,449,N,N,0cb578a90357976134675c9f63dccd57e4dd796a5217bd4214e7eea990b401ea,buyer-release-final/evidence/tests/phase2-staking-clippy.log;evidence/phase2-staking-clippy.log
PACKAGE-HISTORICAL,buyer-release/evidence/tests/phase2-test-workspace-allfeat.log,38985,700,N,N,8942836c46d002c6ed93c02a2a41cfa5578b6789ff5e6481fa8ab007fea7a1b9,buyer-release-final/evidence/tests/phase2-test-workspace-allfeat.log;evidence/phase2-test-workspace-allfeat.log
PACKAGE-HISTORICAL,buyer-release/evidence/tests/phase2-test-workspace.log,44958,879,N,N,9fcb604bc791141ad1838b20b32c4a9a87298cd721cd63e98bc8de26f1bc99ef,buyer-release-final/evidence/tests/phase2-test-workspace.log;evidence/phase2-test-workspace.log
PACKAGE-HISTORICAL,buyer-release/evidence/tests/phase5-capmeta-final.log,327,8,N,N,1ed3bf4773434800a06351afa655dda41a40a0ea75fb008c27baec52119fcf41,buyer-release-final/evidence/tests/phase5-capmeta-final.log;evidence/phase5-capmeta-final.log
PACKAGE-HISTORICAL,buyer-release/evidence/tests/phase5-capmeta-fix.log,1816,19,N,N,27700fd07b7986620d6b05797b8d116025372c96242f6ba688878e7da4e23a92,buyer-release-final/evidence/tests/phase5-capmeta-fix.log;evidence/phase5-capmeta-fix.log
PACKAGE-HISTORICAL,buyer-release/evidence/tests/phase5-capmeta-retry.log,1652,18,N,N,04b1e295ebd6bba37856a23045792938b7db3e17c229b9729b55c5a12b82147b,buyer-release-final/evidence/tests/phase5-capmeta-retry.log;evidence/phase5-capmeta-retry.log
PACKAGE-HISTORICAL,buyer-release/evidence/tests/phase5-full-batch.log,432,10,N,N,358c4eacad5c6acd864f6a19c5286fa0c35d938f193cf2bb239eac81130caa24,buyer-release-final/evidence/tests/phase5-full-batch.log;evidence/phase5-full-batch.log
PACKAGE-HISTORICAL,buyer-release/evidence/tests/phase5-funded-retry.log,799,18,N,N,fc71f5550edd64a14d56441d09f9b6f61c40ba7856811a818e426757a4953d0f,buyer-release-final/evidence/tests/phase5-funded-retry.log;evidence/phase5-funded-retry.log
PACKAGE-HISTORICAL,buyer-release/evidence/tests/phase5-funded-retry2.log,797,18,N,N,60c0d57be195ff5d1fe87dee8db68707ddd6ea11931c4f1c8b205964cdecc2ab,buyer-release-final/evidence/tests/phase5-funded-retry2.log;evidence/phase5-funded-retry2.log
PACKAGE-HISTORICAL,buyer-release/evidence/tests/phase5-governance-retry.log,324,8,N,N,4a3008c26ce836c652dc9ab962ccdb89ea59769c7350a22a414c0926fa1b3944,buyer-release-final/evidence/tests/phase5-governance-retry.log;evidence/phase5-governance-retry.log
PACKAGE-HISTORICAL,buyer-release/evidence/tests/phase5-validator-e2e.log,18820,535,N,N,7c1b4823f2019692c9dfc47ec69f31ebccb1686b9bae6e0d3652faefd197777c,buyer-release-final/evidence/tests/phase5-validator-e2e.log;evidence/phase5-validator-e2e.log
PACKAGE-HISTORICAL,buyer-release/source-tree/.dockerignore,372,26,N,N,5f4759807021bf0413fb1f4a0b2026057f70e5e74bbbc9dd67a2b4f27e761da1,buyer-release-final/source-tree/.dockerignore;sniper-suite/.dockerignore
PACKAGE-HISTORICAL,buyer-release/source-tree/.env.template,2964,48,N,N,040d3c09f76ef4b1f11b755bbf9a61a03a5938407d00589f9c78210d04681285,buyer-release-final/source-tree/.env.template;buyer-release/deployment/.env.template;sniper-suite/.env.template
PACKAGE-HISTORICAL,buyer-release/source-tree/.gitignore,281,25,N,N,5574336e460432f825008f5039d58f82f5249c9c2f728d36ff4736512c67c6b1,buyer-release-final/source-tree/.gitignore;sniper-suite/.gitignore
PACKAGE-HISTORICAL,buyer-release/source-tree/AUDIT.md,160152,1767,N,N,bf196d35f18c53c206fa9f714421c0b1584ff6aa27efecb06a14a73c10a0e90c,buyer-release-final/source-tree/AUDIT.md;buyer-release/docs/AUDIT.md;sniper-suite/AUDIT.md
PACKAGE-HISTORICAL,buyer-release/source-tree/CHANGELOG.md,14955,248,N,N,218d0b1b7e27649132656faaca2e00748ab71e7883a76b71bc1fbcc0d7d9b5b5,buyer-release/docs/CHANGELOG.md
PACKAGE-HISTORICAL,buyer-release/source-tree/Cargo.lock,201147,8343,N,N,9740cac2a1fe01fd3dd181efd68098f968078871a6674235b7f0d4790ba4ad2f,buyer-release-final/source-tree/Cargo.lock;sniper-suite/Cargo.lock
PACKAGE-HISTORICAL,buyer-release/source-tree/Cargo.toml,3571,107,N,N,b5a65ce4bc5a9074ad545ddcf527e675704a64c392be2acd70e24b3bd0f78038,buyer-release-final/source-tree/Cargo.toml;sniper-suite/Cargo.toml
PACKAGE-HISTORICAL,buyer-release/source-tree/Dockerfile,2760,73,N,N,89cf34144d13cab9ddbb5dc0421ba75884ca5a0a6af6b41cd2d74ee117642c32,buyer-release-final/deployment/Dockerfile;buyer-release-final/source-tree/Dockerfile;buyer-release/deployment/Dockerfile (+1 more)
PACKAGE-HISTORICAL,buyer-release/source-tree/LICENSE,1536,30,N,N,dd2bbeb411c4659c256df7c9b4b063fbab796e312faeaa7cb2c4af45b5719ca5,buyer-release-final/source-tree/LICENSE;buyer-release/docs/LICENSE;sniper-suite/LICENSE
PACKAGE-HISTORICAL,buyer-release/source-tree/README.md,32199,616,N,N,fdd9f087fe97f7a23c2c3f668df99088b4d0425243c7ef134b01a96cf8f00f94,buyer-release/docs/README.md
PACKAGE-HISTORICAL,buyer-release/source-tree/SECURITY.md,1747,43,N,N,d788db3106816b5d411c88323a959d26c2ab13b9ab61438e5bf90b3b17de0afe,buyer-release-final/source-tree/SECURITY.md;buyer-release/docs/SECURITY.md;sniper-suite/SECURITY.md
PACKAGE-HISTORICAL,buyer-release/source-tree/VERSION,6,1,N,N,e9dd8507f4bf0c6f42458e41aea833ad0bd3f6127272335eee9bf4d58541ed67,buyer-release-final/source-tree/VERSION;buyer-release/docs/VERSION;sniper-suite/VERSION
PACKAGE-HISTORICAL,buyer-release/source-tree/config.toml.example,18662,385,N,N,a09979e07c2b1e9f69ed0e555e30c2c24267d9db3a7384240ce685d64c00a011,buyer-release-final/deployment/config.toml.example;buyer-release-final/source-tree/config.toml.example;buyer-release/deployment/config.toml.example (+2 more)
PACKAGE-HISTORICAL,buyer-release/source-tree/deny.toml,4075,92,N,N,80a7a1aafa9528049a4d48be3e81139c447c1eaa808e1322c1a91211ea386173,buyer-release-final/source-tree/deny.toml;sniper-suite/deny.toml
PACKAGE-HISTORICAL,buyer-release/source-tree/docker-compose.yml,2769,79,N,N,f36bd755d8a89337095148008ecfa37ff2f60fdd08db5f5de40dc83a07a70e88,buyer-release-final/deployment/docker-compose.yml;buyer-release-final/source-tree/docker-compose.yml;buyer-release/deployment/docker-compose.yml (+1 more)
PACKAGE-HISTORICAL,buyer-release/source-tree/release-manifest.json,9462,116,N,N,b0aea36991b0273597950076ada6bfbf160b0f54955b0061c78c54f5045cab5b,buyer-release/docs/release-manifest.json
PACKAGE-HISTORICAL,buyer-release/source-tree/rust-toolchain.toml,586,13,N,N,6bfe34c7428e778a6347cc465fed1d1ca477d2d7205f9867c73c95e1fc565477,buyer-release-final/source-tree/rust-toolchain.toml;sniper-suite/rust-toolchain.toml
PACKAGE-HISTORICAL,buyer-release/source-tree/.cargo/audit.toml,2324,46,N,N,6754b55b5e0a34cf4a9a0250ace2c92b7fff6deb2c3e8068a849fc078d0f79c8,buyer-release-final/source-tree/.cargo/audit.toml;sniper-suite/.cargo/audit.toml
PACKAGE-HISTORICAL,buyer-release/source-tree/.github/workflows/ci.yml,7600,211,N,N,8982dd6292e9d268ac37352877baddd89c2ddeea51c709aa9f5e5764dca60a86,buyer-release-final/ci/ci.yml;buyer-release-final/source-tree/.github/workflows/ci.yml;buyer-release/ci/ci.yml (+1 more)
PACKAGE-HISTORICAL,buyer-release/source-tree/crates/core/Cargo.toml,780,33,N,N,5cc6f59f86a8e2bc39d254ec058f0c1000667695d8ecea7549e6c7795a9cd630,buyer-release-final/source-tree/crates/core/Cargo.toml;sniper-suite/crates/core/Cargo.toml
PACKAGE-HISTORICAL,buyer-release/source-tree/crates/core/migrations/0001_bootstrap.sql,3432,79,N,N,45c5f0896ac9f91f9f176aa7c020a8fef80d7d752a17ff97bcb742c5862d7d08,buyer-release-final/deployment/migrations/0001_bootstrap.sql;buyer-release-final/source-tree/crates/core/migrations/0001_bootstrap.sql;buyer-release/deployment/migrations/0001_bootstrap.sql (+1 more)
PACKAGE-HISTORICAL,buyer-release/source-tree/crates/core/migrations/0002_orders_executions.sql,4808,97,N,N,4d41335901f325fba03460603bac20c49c47e977100ada174e4473d7ebce5781,buyer-release-final/deployment/migrations/0002_orders_executions.sql;buyer-release-final/source-tree/crates/core/migrations/0002_orders_executions.sql;buyer-release/deployment/migrations/0002_orders_executions.sql (+1 more)
PACKAGE-HISTORICAL,buyer-release/source-tree/crates/core/migrations/0003_positions_trades.sql,3791,78,N,N,0c2066804b827aabfbf9cd336094e6fb4754c4e13fec1f5e3a749c3fa6f2f40a,buyer-release-final/deployment/migrations/0003_positions_trades.sql;buyer-release-final/source-tree/crates/core/migrations/0003_positions_trades.sql;buyer-release/deployment/migrations/0003_positions_trades.sql (+1 more)
PACKAGE-HISTORICAL,buyer-release/source-tree/crates/core/migrations/0004_dedup_risk_audit.sql,2287,49,N,N,94f03e45f7fff3c10fcbe51d56041bd020ba0345f5a7cfe06b6d47fe87e7633c,buyer-release-final/deployment/migrations/0004_dedup_risk_audit.sql;buyer-release-final/source-tree/crates/core/migrations/0004_dedup_risk_audit.sql;buyer-release/deployment/migrations/0004_dedup_risk_audit.sql (+1 more)
PACKAGE-HISTORICAL,buyer-release/source-tree/crates/core/migrations/0005_reconciliation.sql,1548,32,N,N,7a8fbc5c1c938df4ad6cd96016ee59b2b0f3e439238d3478791a3fc17d345111,buyer-release-final/deployment/migrations/0005_reconciliation.sql;buyer-release-final/source-tree/crates/core/migrations/0005_reconciliation.sql;buyer-release/deployment/migrations/0005_reconciliation.sql (+1 more)
PACKAGE-HISTORICAL,buyer-release/source-tree/crates/core/migrations/0006_transaction_attribution.sql,866,15,N,N,5690e5a617fdd173295312479356dc613f26cc0fc9f50a849a7fc9f20dbfea0c,buyer-release-final/deployment/migrations/0006_transaction_attribution.sql;buyer-release-final/source-tree/crates/core/migrations/0006_transaction_attribution.sql;buyer-release/deployment/migrations/0006_transaction_attribution.sql (+1 more)
PACKAGE-HISTORICAL,buyer-release/source-tree/crates/core/migrations/0007_intent_journal.sql,1400,29,N,N,0eabc577ba64cf8cbf0e3346d6859a4fde54b80542ff903d9b6a439f8696be99,buyer-release-final/deployment/migrations/0007_intent_journal.sql;buyer-release-final/source-tree/crates/core/migrations/0007_intent_journal.sql;buyer-release/deployment/migrations/0007_intent_journal.sql (+1 more)
PACKAGE-HISTORICAL,buyer-release/source-tree/crates/core/migrations/0008_intent_claim_kind.sql,854,18,N,N,fab129cd428416d2cacfa39a7d8ea7dbe5222feccdcd0273705427e4cb9d4894,buyer-release-final/deployment/migrations/0008_intent_claim_kind.sql;buyer-release-final/source-tree/crates/core/migrations/0008_intent_claim_kind.sql;buyer-release/deployment/migrations/0008_intent_claim_kind.sql (+1 more)
PACKAGE-HISTORICAL,buyer-release/source-tree/crates/core/migrations/0009_execution_claims.sql,2096,42,N,N,c3588d72a6173ae6cb1f38fe43913ab20f40eee662f4277501bf0e2ea5fb3279,buyer-release-final/deployment/migrations/0009_execution_claims.sql;buyer-release-final/source-tree/crates/core/migrations/0009_execution_claims.sql;buyer-release/deployment/migrations/0009_execution_claims.sql (+1 more)
PACKAGE-HISTORICAL,buyer-release/source-tree/crates/core/migrations/0010_runtime_flags.sql,874,18,N,N,be7112caf0e12acc0367ced8758fb14187ae9502c4acd6ff519b6a1f6824c1e5,buyer-release-final/deployment/migrations/0010_runtime_flags.sql;buyer-release-final/source-tree/crates/core/migrations/0010_runtime_flags.sql;buyer-release/deployment/migrations/0010_runtime_flags.sql (+1 more)
PACKAGE-HISTORICAL,buyer-release/source-tree/crates/core/migrations/0011_execution_claim_events.sql,1487,32,N,N,60a579e912b4becccb081dd009bd447669c74c5c462d77bb4351b92f525903b8,buyer-release-final/deployment/migrations/0011_execution_claim_events.sql;buyer-release-final/source-tree/crates/core/migrations/0011_execution_claim_events.sql;buyer-release/deployment/migrations/0011_execution_claim_events.sql (+1 more)
PACKAGE-HISTORICAL,buyer-release/source-tree/crates/core/src/audit.rs,9886,300,N,N,c352eaca1ea0011f2f900fbe3c3109d4a77709d3aba76dbf0640a389674da12a,buyer-release-final/source-tree/crates/core/src/audit.rs;sniper-suite/crates/core/src/audit.rs
PACKAGE-HISTORICAL,buyer-release/source-tree/crates/core/src/auth.rs,13669,412,N,N,dfe39ecfefaf7df438ceb5c44e446b21ab6b965e501034fd29fe3198dc22454e,buyer-release-final/source-tree/crates/core/src/auth.rs;sniper-suite/crates/core/src/auth.rs
PACKAGE-HISTORICAL,buyer-release/source-tree/crates/core/src/config.rs,79591,2123,N,N,c8860f5ea83873e1147ef6793e3d3591d45c15a222b272bd3eda6120dc4cb1fb,buyer-release-final/source-tree/crates/core/src/config.rs;sniper-suite/crates/core/src/config.rs
PACKAGE-HISTORICAL,buyer-release/source-tree/crates/core/src/dedup.rs,11363,346,N,N,adba3eca04ee530ca8d2b698ab766804241ca6d2685244a929b77b91827972a5,buyer-release-final/source-tree/crates/core/src/dedup.rs;sniper-suite/crates/core/src/dedup.rs
PACKAGE-HISTORICAL,buyer-release/source-tree/crates/core/src/error.rs,6207,222,N,N,6499538c52a6f24b998055c0ae68cbaa32f32aed88edcb2ed5e17e33ec70bb64,buyer-release-final/source-tree/crates/core/src/error.rs;sniper-suite/crates/core/src/error.rs
PACKAGE-HISTORICAL,buyer-release/source-tree/crates/core/src/events.rs,13239,432,N,N,281c529a29e896b571075b5c7c601852795c15b2a822738fb241aef8d9b4a631,buyer-release-final/source-tree/crates/core/src/events.rs;sniper-suite/crates/core/src/events.rs
PACKAGE-HISTORICAL,buyer-release/source-tree/crates/core/src/lib.rs,2386,66,N,N,e295a93aaa999e1fc55fe31bd78a76967ac86e85e206a807300b788c6bb66338,buyer-release-final/source-tree/crates/core/src/lib.rs;sniper-suite/crates/core/src/lib.rs
PACKAGE-HISTORICAL,buyer-release/source-tree/crates/core/src/lifecycle.rs,7324,222,N,N,5ad030119cd8944efbf1c0455e56f5f423a8cfdece3ac803292dc84df360feb6,buyer-release-final/source-tree/crates/core/src/lifecycle.rs;sniper-suite/crates/core/src/lifecycle.rs
PACKAGE-HISTORICAL,buyer-release/source-tree/crates/core/src/maths.rs,14738,471,N,N,4b702e51fae96efac982c973e75b2f9a6cab95f5c4acc74e447e0d284a5f10e9,buyer-release-final/source-tree/crates/core/src/maths.rs;sniper-suite/crates/core/src/maths.rs
PACKAGE-HISTORICAL,buyer-release/source-tree/crates/core/src/models.rs,21434,713,N,N,cf7155f6cb91185b24b6924771f84250d054e19bcf1966ba9024ceff25207047,buyer-release-final/source-tree/crates/core/src/models.rs;sniper-suite/crates/core/src/models.rs
PACKAGE-HISTORICAL,buyer-release/source-tree/crates/core/src/oms.rs,25118,683,N,N,bb41777cb90d7b99e6610bde2adc84a5527184430beac6d16252c6f373adeca1,buyer-release-final/source-tree/crates/core/src/oms.rs;sniper-suite/crates/core/src/oms.rs
PACKAGE-HISTORICAL,buyer-release/source-tree/crates/core/src/ownership.rs,56819,1477,N,N,c1864724d4ad26ab78757033b668c9babe5fbe4feb2c1071a7e2bba8bed2651c,buyer-release-final/source-tree/crates/core/src/ownership.rs;sniper-suite/crates/core/src/ownership.rs
PACKAGE-HISTORICAL,buyer-release/source-tree/crates/core/src/reconciliation.rs,32350,819,N,N,1afb0529445b8a79128d177e9fa9fbf97845cfaeb343fc98d5ac854c63b1087f,buyer-release-final/source-tree/crates/core/src/reconciliation.rs;sniper-suite/crates/core/src/reconciliation.rs
PACKAGE-HISTORICAL,buyer-release/source-tree/crates/core/src/recovery.rs,21665,578,N,N,c53a7346eebed053d2e34689e87d16e64bc1918b53125e0b7f9d624026efe548,buyer-release-final/source-tree/crates/core/src/recovery.rs;sniper-suite/crates/core/src/recovery.rs
PACKAGE-HISTORICAL,buyer-release/source-tree/crates/core/src/redis_kv.rs,10520,295,N,N,8f058b91246d6ed3389533631205e4638ff192a75fab00c56ccde1f470f6e32d,buyer-release-final/source-tree/crates/core/src/redis_kv.rs;sniper-suite/crates/core/src/redis_kv.rs
PACKAGE-HISTORICAL,buyer-release/source-tree/crates/core/src/redis_ownership.rs,18883,519,N,N,0345895b0069e48436554eb1180b33a6c6e7b7ce0205b13140ef8095b12b694f,buyer-release-final/source-tree/crates/core/src/redis_ownership.rs;sniper-suite/crates/core/src/redis_ownership.rs
PACKAGE-HISTORICAL,buyer-release/source-tree/crates/core/src/risk.rs,34833,969,N,N,08b06010723e3d1e10ca33d618f66750a4374c3164e49aca3bd28154733b9562,buyer-release-final/source-tree/crates/core/src/risk.rs;sniper-suite/crates/core/src/risk.rs
PACKAGE-HISTORICAL,buyer-release/source-tree/crates/core/src/state.rs,61788,1677,N,N,a9769bbef4afcb2f0fa946a583f4c4e827b413994c7b3d1cac66f9bfccef3dec,buyer-release-final/source-tree/crates/core/src/state.rs;sniper-suite/crates/core/src/state.rs
PACKAGE-HISTORICAL,buyer-release/source-tree/crates/core/src/storage.rs,6186,193,N,N,606ef3c0c6e9d301fa6938b220c5b915bdfaaa7519867223098886abbf2cc249,buyer-release-final/source-tree/crates/core/src/storage.rs;sniper-suite/crates/core/src/storage.rs
PACKAGE-HISTORICAL,buyer-release/source-tree/crates/core/src/db/claims.rs,21245,561,N,N,2406b385bf645ca02ffb06b198408d406950a033d72130690b8a4fafd695087a,buyer-release-final/source-tree/crates/core/src/db/claims.rs;sniper-suite/crates/core/src/db/claims.rs
PACKAGE-HISTORICAL,buyer-release/source-tree/crates/core/src/db/mod.rs,9720,269,N,N,a0b8224b4607654abc30c31291952d052267715daef81eeef88017a6624add42,buyer-release-final/source-tree/crates/core/src/db/mod.rs;sniper-suite/crates/core/src/db/mod.rs
PACKAGE-HISTORICAL,buyer-release/source-tree/crates/core/src/db/repo.rs,77824,2171,N,N,c93b9de16ee81e5fc2e902a23827196267676a5779a03d37b3334f9caba124fa,buyer-release-final/source-tree/crates/core/src/db/repo.rs;sniper-suite/crates/core/src/db/repo.rs
PACKAGE-HISTORICAL,buyer-release/source-tree/crates/core/src/obs/health.rs,8867,265,N,N,982d6c732ca8253fa39690482c58c0fc0625cf3207ddcb12b607700294e95b6c,buyer-release-final/source-tree/crates/core/src/obs/health.rs;sniper-suite/crates/core/src/obs/health.rs
PACKAGE-HISTORICAL,buyer-release/source-tree/crates/core/src/obs/metrics.rs,18642,566,N,N,e67a5f87dde81c8b9e320f3c363040661b174aa3ddc36e764393ae0a791574d9,buyer-release-final/source-tree/crates/core/src/obs/metrics.rs;sniper-suite/crates/core/src/obs/metrics.rs
PACKAGE-HISTORICAL,buyer-release/source-tree/crates/core/src/obs/mod.rs,705,16,N,N,f35e1857cfc03f75a510af7140eb444dc417f9f95e7daa2d7b1bd9d294a0007f,buyer-release-final/source-tree/crates/core/src/obs/mod.rs;sniper-suite/crates/core/src/obs/mod.rs
PACKAGE-HISTORICAL,buyer-release/source-tree/crates/core/tests/db_integration.rs,48231,1402,N,N,02ade6e07ad452daf28f2ee1490f8aba0146d90e2b0558d56cb7008897c575f8,buyer-release-final/source-tree/crates/core/tests/db_integration.rs;sniper-suite/crates/core/tests/db_integration.rs
PACKAGE-HISTORICAL,buyer-release/source-tree/crates/core/tests/redis_integration.rs,12069,349,N,N,7167f2bbf0a4fba95960eaee8e2e2f7fc0bef6ce8339750ef2b711336dbbf655,buyer-release-final/source-tree/crates/core/tests/redis_integration.rs;sniper-suite/crates/core/tests/redis_integration.rs
PACKAGE-HISTORICAL,buyer-release/source-tree/crates/core/tests/distributed_integration.rs,9703,283,N,N,03be5efe0717d756eb0c8b65700245150692a07d6273239a2a462d098ac16ce4,buyer-release-final/source-tree/crates/core/tests/distributed_integration.rs;sniper-suite/crates/core/tests/distributed_integration.rs
PACKAGE-HISTORICAL,buyer-release/source-tree/crates/core/tests/storage_lifecycle.rs,6464,191,N,N,06b56106c9b1afe49c848baacfac895f9a1ed91079248e637d59fa09b0523a13,buyer-release-final/source-tree/crates/core/tests/storage_lifecycle.rs;sniper-suite/crates/core/tests/storage_lifecycle.rs
PACKAGE-HISTORICAL,buyer-release/source-tree/crates/module-copy/Cargo.toml,801,34,N,N,3245adf45276369d9c5ff2a64886829ac333a908c9297a9e3a11494dde49a0ba,buyer-release-final/source-tree/crates/module-copy/Cargo.toml;sniper-suite/crates/module-copy/Cargo.toml
PACKAGE-HISTORICAL,buyer-release/source-tree/crates/module-copy/src/exit.rs,18689,520,N,N,2df596fe1a63db304251bae2bf5dd8c0106bca1723082c8cb3e8398d1da5c3b8,buyer-release-final/source-tree/crates/module-copy/src/exit.rs;sniper-suite/crates/module-copy/src/exit.rs
PACKAGE-HISTORICAL,buyer-release/source-tree/crates/module-copy/src/feeds.rs,22496,612,N,N,1d485996710f610e58b4477b472e877622252427c72b2c72673d6dab82ea7c1d,buyer-release-final/source-tree/crates/module-copy/src/feeds.rs;sniper-suite/crates/module-copy/src/feeds.rs
PACKAGE-HISTORICAL,buyer-release/source-tree/crates/module-copy/src/lib.rs,8676,240,N,N,71f05b51c37a327e097ab9e896603bc92c110c95e3459d05e0ba9168d3505d1c,buyer-release-final/source-tree/crates/module-copy/src/lib.rs;sniper-suite/crates/module-copy/src/lib.rs
PACKAGE-HISTORICAL,buyer-release/source-tree/crates/module-copy/src/mirror.rs,27310,775,N,N,35ee11bddf4d1cd9eb4c1ecae417f17f6ca66f79159c3a2620d95d5fcd3f1405,buyer-release-final/source-tree/crates/module-copy/src/mirror.rs;sniper-suite/crates/module-copy/src/mirror.rs
PACKAGE-HISTORICAL,buyer-release/source-tree/crates/module-copy/tests/copy_feed.rs,6136,173,N,N,17a93942aeaa8b00394681b50fe7a69104348b5e3b7795f4d2642bf52060ca66,buyer-release-final/source-tree/crates/module-copy/tests/copy_feed.rs;sniper-suite/crates/module-copy/tests/copy_feed.rs
PACKAGE-HISTORICAL,buyer-release/source-tree/crates/module-copy/tests/geyser_feed.rs,12290,327,N,N,413968305fb359f00f867bacfe37ac098760c32dc7f247cd326aa392c7279165,buyer-release-final/source-tree/crates/module-copy/tests/geyser_feed.rs;sniper-suite/crates/module-copy/tests/geyser_feed.rs
PACKAGE-HISTORICAL,buyer-release/source-tree/crates/module-copy/tests/two_replica_mirror.rs,7305,196,N,N,7b6a042eec568c9cd21cbe5730d33275dddb148d0b09de2c3ded46d8a82a2ef3,buyer-release-final/source-tree/crates/module-copy/tests/two_replica_mirror.rs;sniper-suite/crates/module-copy/tests/two_replica_mirror.rs
PACKAGE-HISTORICAL,buyer-release/source-tree/crates/module-sniper/Cargo.toml,914,34,N,N,727cd9973e0d2827624d60b0ee0761385e5858f2a6d0ca7ba06409fd2c1fec0c,buyer-release-final/source-tree/crates/module-sniper/Cargo.toml;sniper-suite/crates/module-sniper/Cargo.toml
PACKAGE-HISTORICAL,buyer-release/source-tree/crates/module-sniper/src/detect.rs,21158,541,N,N,0d6481db880d95165aa165e92242d07a0300f2679cfb659d92247ec14d0d40c6,buyer-release-final/source-tree/crates/module-sniper/src/detect.rs;sniper-suite/crates/module-sniper/src/detect.rs
PACKAGE-HISTORICAL,buyer-release/source-tree/crates/module-sniper/src/entry.rs,24543,633,N,N,841600354285b8345bf143189e332682b0b063bd0714357b854b679e6189ca93,buyer-release-final/source-tree/crates/module-sniper/src/entry.rs;sniper-suite/crates/module-sniper/src/entry.rs
PACKAGE-HISTORICAL,buyer-release/source-tree/crates/module-sniper/src/exit.rs,19046,489,N,N,acd9e036ffaa6b3ef7c5e2b48d6a358cdaabef04cf6865dec9ffa2915dd67390,buyer-release-final/source-tree/crates/module-sniper/src/exit.rs;sniper-suite/crates/module-sniper/src/exit.rs
PACKAGE-HISTORICAL,buyer-release/source-tree/crates/module-sniper/src/lib.rs,18779,484,N,N,ec786dd48029b250d07f41a7b7a582f8935f6fb7b259158e88642fcdf7648c2b,buyer-release-final/source-tree/crates/module-sniper/src/lib.rs;sniper-suite/crates/module-sniper/src/lib.rs
PACKAGE-HISTORICAL,buyer-release/source-tree/crates/module-sniper/tests/detect_feed.rs,5304,148,N,N,2eab0fdf30b8b0d4ceb8f1055797cc77bf2391739e0a8b2abfb790fa8ebdadc3,buyer-release-final/source-tree/crates/module-sniper/tests/detect_feed.rs;sniper-suite/crates/module-sniper/tests/detect_feed.rs
PACKAGE-HISTORICAL,buyer-release/source-tree/crates/module-sniper/tests/geyser_detect.rs,12430,319,N,N,118bd97711f722db393b67a9437609a5098e9b1dc5671a1f3ceeb52bc9be21ab,buyer-release-final/source-tree/crates/module-sniper/tests/geyser_detect.rs;sniper-suite/crates/module-sniper/tests/geyser_detect.rs
PACKAGE-HISTORICAL,buyer-release/source-tree/crates/module-polymarket/Cargo.toml,1035,42,N,N,94be538e334eda25a3463ef2b46b5ab45d94b61ee8932f8b5a5a2ddd6d20fa9a,buyer-release-final/source-tree/crates/module-polymarket/Cargo.toml;sniper-suite/crates/module-polymarket/Cargo.toml
PACKAGE-HISTORICAL,buyer-release/source-tree/crates/module-polymarket/src/auth.rs,8768,245,N,N,550c9433eeb82409bd3fd4492fffa28f27a968478b78af78f6e7feebadcca440,buyer-release-final/source-tree/crates/module-polymarket/src/auth.rs;sniper-suite/crates/module-polymarket/src/auth.rs
PACKAGE-HISTORICAL,buyer-release/source-tree/crates/module-polymarket/src/clob.rs,18831,558,N,N,efbd80eaaf872440321d3577f977f2c0214e2383f3a18cbd31f4dc9a7fd37782,buyer-release-final/source-tree/crates/module-polymarket/src/clob.rs;sniper-suite/crates/module-polymarket/src/clob.rs
PACKAGE-HISTORICAL,buyer-release/source-tree/crates/module-polymarket/src/collateral.rs,16867,411,N,N,ccbc07fc7b3357ef2b769e205b36a2a51546a227f3e81c6a7b6899d0443f7370,buyer-release-final/source-tree/crates/module-polymarket/src/collateral.rs;sniper-suite/crates/module-polymarket/src/collateral.rs
PACKAGE-HISTORICAL,buyer-release/source-tree/crates/module-polymarket/src/ctf.rs,14127,345,N,N,69484a0d429b7954f03c57c4a49d58f1f15f7fc9370221a88e829c005a317b6a,buyer-release-final/source-tree/crates/module-polymarket/src/ctf.rs;sniper-suite/crates/module-polymarket/src/ctf.rs
PACKAGE-HISTORICAL,buyer-release/source-tree/crates/module-polymarket/src/eip712.rs,17763,473,N,N,4d8f2e524980c7c36b8a08895f7573531bc8cfe44afc3b778d769c6d808c0179,buyer-release-final/source-tree/crates/module-polymarket/src/eip712.rs;sniper-suite/crates/module-polymarket/src/eip712.rs
PACKAGE-HISTORICAL,buyer-release/source-tree/crates/module-polymarket/src/error.rs,5444,145,N,N,4e86703bcc76a0c8eb40915cd32ea16aed120d7df7c70525c35811c7a76480d7,buyer-release-final/source-tree/crates/module-polymarket/src/error.rs;sniper-suite/crates/module-polymarket/src/error.rs
PACKAGE-HISTORICAL,buyer-release/source-tree/crates/module-polymarket/src/gamma.rs,11409,329,N,N,2f5051ed90e69115dfeb1cfc64326475e82c3d2ae00bce59c5b2a51947e50de6,buyer-release-final/source-tree/crates/module-polymarket/src/gamma.rs;sniper-suite/crates/module-polymarket/src/gamma.rs
PACKAGE-HISTORICAL,buyer-release/source-tree/crates/module-polymarket/src/lib.rs,46575,1162,N,N,83d491670dad88eb0b939e3fba0786863e0fee1b79486c7636d8053c8af2d23b,buyer-release-final/source-tree/crates/module-polymarket/src/lib.rs;sniper-suite/crates/module-polymarket/src/lib.rs
PACKAGE-HISTORICAL,buyer-release/source-tree/crates/module-polymarket/src/orders.rs,15777,422,N,N,a11558f6ab57ea8145b521d7e84baf01435b0baa124d95cc55ca26d27fe0d78a,buyer-release-final/source-tree/crates/module-polymarket/src/orders.rs;sniper-suite/crates/module-polymarket/src/orders.rs
PACKAGE-HISTORICAL,buyer-release/source-tree/crates/module-polymarket/src/strategy.rs,10394,314,N,N,18b40e76b9c73b1c63fd06996e3889fc50b6b9a2d55578c665a81fe9920ede6d,buyer-release-final/source-tree/crates/module-polymarket/src/strategy.rs;sniper-suite/crates/module-polymarket/src/strategy.rs
PACKAGE-HISTORICAL,buyer-release/source-tree/crates/module-polymarket/src/ws.rs,6878,182,N,N,58497aacc8dac1564d495852879a0274573b840bf574b19fba74e56680470a77,buyer-release-final/source-tree/crates/module-polymarket/src/ws.rs;sniper-suite/crates/module-polymarket/src/ws.rs
PACKAGE-HISTORICAL,buyer-release/source-tree/crates/module-polymarket/tests/mock_clob_gamma.rs,16294,472,N,N,9b8323802f8e23b920d322c472d28c17cd56351dc58d25c779518ec7d0b6cc1d,buyer-release-final/source-tree/crates/module-polymarket/tests/mock_clob_gamma.rs;sniper-suite/crates/module-polymarket/tests/mock_clob_gamma.rs
PACKAGE-HISTORICAL,buyer-release/source-tree/crates/module-telegram/Cargo.toml,638,26,N,N,7ab3802d71bb220c4c2d68e3804029ade4e7e1cfa11a8352ca39eaffe6aea0f6,buyer-release-final/source-tree/crates/module-telegram/Cargo.toml;sniper-suite/crates/module-telegram/Cargo.toml
PACKAGE-HISTORICAL,buyer-release/source-tree/crates/module-telegram/src/alerts.rs,7280,190,N,N,0e4d7747183b495acd25d43b545616d1c4506ef6122f73efec5cfa3d6e04d5fc,buyer-release-final/source-tree/crates/module-telegram/src/alerts.rs;sniper-suite/crates/module-telegram/src/alerts.rs
PACKAGE-HISTORICAL,buyer-release/source-tree/crates/module-telegram/src/api.rs,14311,411,N,N,238e74a913e3937415ae52ada3d59f952b3f1fb1f023d38bfadf2e0afa3e3d32,buyer-release-final/source-tree/crates/module-telegram/src/api.rs;sniper-suite/crates/module-telegram/src/api.rs
PACKAGE-HISTORICAL,buyer-release/source-tree/crates/module-telegram/src/commands.rs,22082,623,N,N,e604f8fb2b3089ad2f19c3f9dddd98ab909d83f780452f3599bc7e2ff1167494,buyer-release-final/source-tree/crates/module-telegram/src/commands.rs;sniper-suite/crates/module-telegram/src/commands.rs
PACKAGE-HISTORICAL,buyer-release/source-tree/crates/module-telegram/src/lib.rs,8888,262,N,N,78a18a040be9a9a7c35e41981fd1872d11a16dddd74584eae9414643bce36f57,buyer-release-final/source-tree/crates/module-telegram/src/lib.rs;sniper-suite/crates/module-telegram/src/lib.rs
PACKAGE-HISTORICAL,buyer-release/source-tree/crates/server/Cargo.toml,992,39,N,N,531b80e3c47a44094a5d5dd6ef654295419ac47d6d19423fbb14c9dad258d331,buyer-release-final/source-tree/crates/server/Cargo.toml;sniper-suite/crates/server/Cargo.toml
PACKAGE-HISTORICAL,buyer-release/source-tree/crates/server/src/api.rs,49390,1437,N,N,bceedbb2b61b44c13eb1b33396a41bc08bd48040e91a7532519a90a960111c89,buyer-release-final/source-tree/crates/server/src/api.rs;sniper-suite/crates/server/src/api.rs
PACKAGE-HISTORICAL,buyer-release/source-tree/crates/server/src/dashboard.rs,13556,241,N,N,3e7145e2605079d22489251ca1a3d0dfc110c67391da84ec451978e39f7d8a23,buyer-release-final/source-tree/crates/server/src/dashboard.rs;sniper-suite/crates/server/src/dashboard.rs
PACKAGE-HISTORICAL,buyer-release/source-tree/crates/server/src/main.rs,48530,1243,N,N,2b4d217f6caca0ca715463909a37739fff3a6afccfe1b80bb3b7964a28ef1adc,buyer-release-final/source-tree/crates/server/src/main.rs;sniper-suite/crates/server/src/main.rs
PACKAGE-HISTORICAL,buyer-release/source-tree/crates/server/src/obs.rs,32897,920,N,N,8b46ed195ed70fb0e08b6e0f6edcc43ab77537e37b7bdbef7c467be2e8679e86,buyer-release-final/source-tree/crates/server/src/obs.rs;sniper-suite/crates/server/src/obs.rs
PACKAGE-HISTORICAL,buyer-release/source-tree/crates/server/src/persist.rs,23907,624,N,N,9d37679283bd3f18d3fcb4b43fd67ccea6ddbb056a1ee8e8de8ee7804b2503ad,buyer-release-final/source-tree/crates/server/src/persist.rs;sniper-suite/crates/server/src/persist.rs
PACKAGE-HISTORICAL,buyer-release/source-tree/crates/server/src/recon.rs,38865,942,N,N,a536092fe51f10a5a09b27ea67ef13f34641d58f68ca20fba7aeed5e0044d639,buyer-release-final/source-tree/crates/server/src/recon.rs;sniper-suite/crates/server/src/recon.rs
PACKAGE-HISTORICAL,buyer-release/source-tree/crates/server/src/ws.rs,906,32,N,N,9266600950b4cc7fa10a2dacd132454de03524eee1381c159bc405e22a7db2ae,buyer-release-final/source-tree/crates/server/src/ws.rs;sniper-suite/crates/server/src/ws.rs
PACKAGE-HISTORICAL,buyer-release/source-tree/crates/solana-kit/Cargo.toml,1275,46,N,N,b5532bfc2777a584954bdb2e342323487cf4ddf8506add3919df761d1644aea2,buyer-release-final/source-tree/crates/solana-kit/Cargo.toml;sniper-suite/crates/solana-kit/Cargo.toml
PACKAGE-HISTORICAL,buyer-release/source-tree/crates/solana-kit/src/cache.rs,11028,323,N,N,a1972eec2ef0570af76787cb97e608bf1ba50c7f28a7e8eb164b3361c989b9f9,buyer-release-final/source-tree/crates/solana-kit/src/cache.rs;sniper-suite/crates/solana-kit/src/cache.rs
PACKAGE-HISTORICAL,buyer-release/source-tree/crates/solana-kit/src/consts.rs,27977,578,N,N,68e21efe2492c0e4e6cd8533c4dfd497ce6cb53776efde03760b7577750677a1,buyer-release-final/source-tree/crates/solana-kit/src/consts.rs;sniper-suite/crates/solana-kit/src/consts.rs
PACKAGE-HISTORICAL,buyer-release/source-tree/crates/solana-kit/src/decode.rs,44537,1266,N,N,7f3ebb5d8137d660bb283c38596ec0d8c5397662311d3d300edb0ba011a27b0d,buyer-release-final/source-tree/crates/solana-kit/src/decode.rs;sniper-suite/crates/solana-kit/src/decode.rs
PACKAGE-HISTORICAL,buyer-release/source-tree/crates/solana-kit/src/events.rs,40372,1273,N,N,ffb977b902792855f10c3c212f3bd48532b638e0cae4096527a11a9e1bd81e90,buyer-release-final/source-tree/crates/solana-kit/src/events.rs;sniper-suite/crates/solana-kit/src/events.rs
PACKAGE-HISTORICAL,buyer-release/source-tree/crates/solana-kit/src/execute.rs,50514,1396,N,N,f2ecceee5153d5625d09ff6ef00ab7a1a0fe6c3e00ab102dc4d48274b71a1b9f,buyer-release-final/source-tree/crates/solana-kit/src/execute.rs;sniper-suite/crates/solana-kit/src/execute.rs
PACKAGE-HISTORICAL,buyer-release/source-tree/crates/solana-kit/src/jupiter.rs,30682,873,N,N,2b5b869bd8363c00c3b80919245ded8a538ffa5c96c504739b92174fcc8bfb40,buyer-release-final/source-tree/crates/solana-kit/src/jupiter.rs;sniper-suite/crates/solana-kit/src/jupiter.rs
PACKAGE-HISTORICAL,buyer-release/source-tree/crates/solana-kit/src/layout.rs,13387,371,N,N,9fe220bc887f3aaafa7d8ad4e3bdcedf30e062c33c4f2ccdc5180eb62a029e36,buyer-release-final/source-tree/crates/solana-kit/src/layout.rs;sniper-suite/crates/solana-kit/src/layout.rs
PACKAGE-HISTORICAL,buyer-release/source-tree/crates/solana-kit/src/lib.rs,2223,55,N,N,2193889bf16786b09b6ce4fbe6fd9c156a84025a11c500325a99a03de4cf0c89,buyer-release-final/source-tree/crates/solana-kit/src/lib.rs;sniper-suite/crates/solana-kit/src/lib.rs
PACKAGE-HISTORICAL,buyer-release/source-tree/crates/solana-kit/src/pump.rs,55131,1357,N,N,6a2b780617a8806607db6c4e1ee2e58178972c9e535e4898a1064062d5276779,buyer-release-final/source-tree/crates/solana-kit/src/pump.rs;sniper-suite/crates/solana-kit/src/pump.rs
PACKAGE-HISTORICAL,buyer-release/source-tree/crates/solana-kit/src/pumpportal.rs,34498,998,N,N,055c0aa6e53bea6ffd64f2ddfe6edc86b325c59d19bfa45eb829f581dd764f41,buyer-release-final/source-tree/crates/solana-kit/src/pumpportal.rs;sniper-suite/crates/solana-kit/src/pumpportal.rs
PACKAGE-HISTORICAL,buyer-release/source-tree/crates/solana-kit/src/pumpswap.rs,57326,1547,N,N,3d84237cb0336be5e3e660b0ae759e92c1fbe80d8b7d6838f8f74722cf82c555,buyer-release-final/source-tree/crates/solana-kit/src/pumpswap.rs;sniper-suite/crates/solana-kit/src/pumpswap.rs
PACKAGE-HISTORICAL,buyer-release/source-tree/crates/solana-kit/src/raydium.rs,48262,1236,N,N,2798a141932ab207569b9180d6ce050eb80631322ad6a6bf44c0ca433b107441,buyer-release-final/source-tree/crates/solana-kit/src/raydium.rs;sniper-suite/crates/solana-kit/src/raydium.rs
PACKAGE-HISTORICAL,buyer-release/source-tree/crates/solana-kit/src/rpc.rs,38923,1076,N,N,07819645d2d4fa05039cd6f1327b571558d435d5d7c5efe16363a5cb55a4aab8,buyer-release-final/source-tree/crates/solana-kit/src/rpc.rs;sniper-suite/crates/solana-kit/src/rpc.rs
PACKAGE-HISTORICAL,buyer-release/source-tree/crates/solana-kit/src/signer.rs,24684,669,N,N,9ccdd876455f965f29473025a193f43c0272b69e059f6255594a6e2002dc0542,buyer-release-final/source-tree/crates/solana-kit/src/signer.rs;sniper-suite/crates/solana-kit/src/signer.rs
PACKAGE-HISTORICAL,buyer-release/source-tree/crates/solana-kit/src/tokens.rs,20896,556,N,N,1ced1e6876ab65353edfe00a228afb4c56e1d1959dff0f0340ac227b3a726f53,buyer-release-final/source-tree/crates/solana-kit/src/tokens.rs;sniper-suite/crates/solana-kit/src/tokens.rs
PACKAGE-HISTORICAL,buyer-release/source-tree/crates/solana-kit/src/tx.rs,38669,1053,N,N,345c446c2f1660192c0e7fee4557008b64f1f14228e3e00417925ff25d732f67,buyer-release-final/source-tree/crates/solana-kit/src/tx.rs;sniper-suite/crates/solana-kit/src/tx.rs
PACKAGE-HISTORICAL,buyer-release/source-tree/crates/solana-kit/src/ws.rs,39894,1139,N,N,d7e82915f8efb0e4a7355e163128afec82c5cf90e2ccb354a1cd7eb441929bc4,buyer-release-final/source-tree/crates/solana-kit/src/ws.rs;sniper-suite/crates/solana-kit/src/ws.rs
PACKAGE-HISTORICAL,buyer-release/source-tree/crates/solana-kit/tests/devnet_e2e.rs,8774,252,N,N,db0eb6333e5e5785c36af1a9f22900fe90e4126a5912ef9fb34aaa5a1bca5aa7,buyer-release-final/source-tree/crates/solana-kit/tests/devnet_e2e.rs;sniper-suite/crates/solana-kit/tests/devnet_e2e.rs
PACKAGE-HISTORICAL,buyer-release/source-tree/crates/solana-kit/tests/latency_bench.rs,21159,577,N,N,4d7b75871c216b3102fdcf7d6555c41163d3698aa74bfc856c07d72b9977b92e,buyer-release-final/source-tree/crates/solana-kit/tests/latency_bench.rs;sniper-suite/crates/solana-kit/tests/latency_bench.rs
PACKAGE-HISTORICAL,buyer-release/source-tree/crates/solana-kit/tests/mock_pumpportal.rs,11079,325,N,N,d9783d6af4fdc7430ae346f22b5ba58e4097720469fa947589f46eb97e84e888,buyer-release-final/source-tree/crates/solana-kit/tests/mock_pumpportal.rs;sniper-suite/crates/solana-kit/tests/mock_pumpportal.rs
PACKAGE-HISTORICAL,buyer-release/source-tree/crates/solana-kit/tests/recon_crash_e2e.rs,13178,362,N,N,323c0844b1f52031ff9d36dd3adc649b742b087187a3f99d37e43bda0ca596d7,buyer-release-final/source-tree/crates/solana-kit/tests/recon_crash_e2e.rs;sniper-suite/crates/solana-kit/tests/recon_crash_e2e.rs
PACKAGE-HISTORICAL,buyer-release/source-tree/docs/ACCEPTANCE-CHECKLIST.md,7447,135,N,N,267aec5e1a44c1d3c1812050baa450f943d7b1f822aab4c844d500d8cae0467f,buyer-release-final/docs/ACCEPTANCE-CHECKLIST.md;buyer-release-final/source-tree/docs/ACCEPTANCE-CHECKLIST.md;buyer-release/docs/ACCEPTANCE-CHECKLIST.md (+1 more)
PACKAGE-HISTORICAL,buyer-release/source-tree/docs/API.md,5081,109,N,N,4a02c0b00f60881a9b0b063fc9120a720a667aaa41b85482125389793f4f75a4,buyer-release-final/docs/API.md;buyer-release-final/source-tree/docs/API.md;buyer-release/docs/API.md (+1 more)
PACKAGE-HISTORICAL,buyer-release/source-tree/docs/ARCHITECTURE.md,6555,101,N,N,86951393588459b3ea923825dd5118669cffcde4950ab38a734d334f28709a39,buyer-release-final/docs/ARCHITECTURE.md;buyer-release-final/source-tree/docs/ARCHITECTURE.md;buyer-release/docs/ARCHITECTURE.md (+1 more)
PACKAGE-HISTORICAL,buyer-release/source-tree/docs/ARCHIVE-CHECKLIST.md,5216,106,N,N,cb970bb75c8042c77bbf4a7176a774609f55fc84a749f38fe8ea1608324be2aa,buyer-release-final/docs/ARCHIVE-CHECKLIST.md;buyer-release-final/source-tree/docs/ARCHIVE-CHECKLIST.md;buyer-release/docs/ARCHIVE-CHECKLIST.md (+1 more)
PACKAGE-HISTORICAL,buyer-release/source-tree/docs/BACKUP-RESTORE.md,6554,130,N,N,3c15125c97ba42771f8223a6dc8ad8ae1a935b8b8df7bf2a9c3d6a274dad4df1,buyer-release-final/docs/BACKUP-RESTORE.md;buyer-release-final/source-tree/docs/BACKUP-RESTORE.md;buyer-release/docs/BACKUP-RESTORE.md (+1 more)
PACKAGE-HISTORICAL,buyer-release/source-tree/docs/BUYER-ACCEPTANCE-TEST.md,13618,340,N,N,0f0176c3b9c169883cb6cf7883a2ae26d5c56819c31af24d84d028c2bc67e244,buyer-release/docs/BUYER-ACCEPTANCE-TEST.md
PACKAGE-HISTORICAL,buyer-release/source-tree/docs/BUYER-DEPLOYMENT.md,9194,207,N,N,49bc417e3fd3c66ba48099defdd538e973c7abd6cf6bbbc02cdbdb8d16423d54,buyer-release-final/docs/BUYER-DEPLOYMENT.md;buyer-release-final/source-tree/docs/BUYER-DEPLOYMENT.md;buyer-release/docs/BUYER-DEPLOYMENT.md (+1 more)
PACKAGE-HISTORICAL,buyer-release/source-tree/docs/BUYER-DUE-DILIGENCE.md,10973,98,N,N,12e4067647dd9c4c3f75600d8cd389c5abd19d43f7a8bc8ce65be571b60c27a7,buyer-release-final/docs/BUYER-DUE-DILIGENCE.md;buyer-release-final/source-tree/docs/BUYER-DUE-DILIGENCE.md;buyer-release/docs/BUYER-DUE-DILIGENCE.md (+1 more)
PACKAGE-HISTORICAL,buyer-release/source-tree/docs/BUYER-FAQ.md,9165,161,N,N,6e8d33950c5469fa94b2e767094883e10d3eec9067ff2112931a3111b46b7715,buyer-release-final/docs/BUYER-FAQ.md;buyer-release-final/source-tree/docs/BUYER-FAQ.md;buyer-release/docs/BUYER-FAQ.md (+1 more)
PACKAGE-HISTORICAL,buyer-release/source-tree/docs/BUYER-OVERVIEW.md,12951,225,N,N,f47ab17528c5c952c2c98e3ee755e441d6a9058079b14e0e1b1af5ae121fa04d,buyer-release-final/docs/BUYER-OVERVIEW.md;buyer-release-final/source-tree/docs/BUYER-OVERVIEW.md;buyer-release/docs/BUYER-OVERVIEW.md (+1 more)
PACKAGE-HISTORICAL,buyer-release/source-tree/docs/BUYER-QUICKSTART.md,7881,221,N,N,f4b07c1be1936ee9b23854a5697bf4b3bbd08236ec3c808aaee43f22d2f94046,buyer-release-final/docs/BUYER-QUICKSTART.md;buyer-release-final/source-tree/docs/BUYER-QUICKSTART.md;buyer-release/docs/BUYER-QUICKSTART.md (+1 more)
PACKAGE-HISTORICAL,buyer-release/source-tree/docs/BUYER-RISK-REGISTER.md,9083,42,N,N,63ea3fe9c8c5d484e1578bd14d24611819f7c402bc5f4c7e697f36e39093364d,buyer-release-final/docs/BUYER-RISK-REGISTER.md;buyer-release-final/source-tree/docs/BUYER-RISK-REGISTER.md;buyer-release/docs/BUYER-RISK-REGISTER.md (+1 more)
PACKAGE-HISTORICAL,buyer-release/source-tree/docs/CAPABILITY-MATRIX.md,12711,66,N,N,6fd356c24fc2c9a04250c1efa8fd263cd593f6e8b04ce6a0e7898d3a2612fdda,buyer-release-final/docs/CAPABILITY-MATRIX.md;buyer-release-final/source-tree/docs/CAPABILITY-MATRIX.md;buyer-release/docs/CAPABILITY-MATRIX.md (+1 more)
PACKAGE-HISTORICAL,buyer-release/source-tree/docs/CI-LOCAL-EQUIVALENCE.md,5097,66,N,N,82480503990541af20be3057c00aaf83b157c4ca63e3cfa51c89a0116252d36b,buyer-release-final/ci/CI-LOCAL-EQUIVALENCE.md;buyer-release-final/docs/CI-LOCAL-EQUIVALENCE.md;buyer-release-final/source-tree/docs/CI-LOCAL-EQUIVALENCE.md (+3 more)
PACKAGE-HISTORICAL,buyer-release/source-tree/docs/DELIVERY-MANIFEST.md,10739,109,N,N,eff697de98b1719a85ea3b20937cd5f3489bf471b4ad3f7caa5b024d5a90655e,buyer-release/docs/DELIVERY-MANIFEST.md
PACKAGE-HISTORICAL,buyer-release/source-tree/docs/DEMO-RUNBOOK.md,10889,220,N,N,0cd36f64d3e964828e6fc1911f3f68d51a9b29d10a99cc07d90b5f95fa430b08,buyer-release-final/docs/DEMO-RUNBOOK.md;buyer-release-final/source-tree/docs/DEMO-RUNBOOK.md;buyer-release/docs/DEMO-RUNBOOK.md (+1 more)
PACKAGE-HISTORICAL,buyer-release/source-tree/docs/DEPLOYMENT.md,4327,98,N,N,736d427563c0a168ffd3f7ac365ade133e61b1f62c3d16748285e1fd8a70bbdd,buyer-release-final/docs/DEPLOYMENT.md;buyer-release-final/source-tree/docs/DEPLOYMENT.md;buyer-release/docs/DEPLOYMENT.md (+1 more)
PACKAGE-HISTORICAL,buyer-release/source-tree/docs/DISTRIBUTED.md,21861,350,N,N,e2dd1eaf0597b44ce6b073ad1533bfd766491ee619dc10b9a436f4e3fdf2a8d7,buyer-release-final/docs/DISTRIBUTED.md;buyer-release-final/source-tree/docs/DISTRIBUTED.md;buyer-release/docs/DISTRIBUTED.md (+1 more)
PACKAGE-HISTORICAL,buyer-release/source-tree/docs/EVIDENCE-INDEX.md,12803,98,N,N,19dc9814248dbfbcaed872689322c8362bf35c5d2b85a6526b03aac95c7f6108,buyer-release/docs/EVIDENCE-INDEX.md
PACKAGE-HISTORICAL,buyer-release/source-tree/docs/FINAL-DELIVERY.md,14177,226,N,N,92448f843d85b07626fed1cb27d1dce02b45c83b7c81a088fe520ae081dc569a,buyer-release-final/docs/FINAL-DELIVERY.md;buyer-release-final/source-tree/docs/FINAL-DELIVERY.md;buyer-release/docs/FINAL-DELIVERY.md (+1 more)
PACKAGE-HISTORICAL,buyer-release/source-tree/docs/HANDOVER.md,9300,165,N,N,d0f4cabbb4a9d336686e7adc235e74c4ac4b60b946e961a3585ec3714598206c,buyer-release-final/docs/HANDOVER.md;buyer-release-final/source-tree/docs/HANDOVER.md;buyer-release/docs/HANDOVER.md (+1 more)
PACKAGE-HISTORICAL,buyer-release/source-tree/docs/IP-COMPONENTS.md,13801,259,N,N,d2e3e43dfc29e0278fff6fedbd1d6239b55632a2f1ee865f14d0432883c2ee12,buyer-release-final/docs/IP-COMPONENTS.md;buyer-release-final/source-tree/docs/IP-COMPONENTS.md;buyer-release/docs/IP-COMPONENTS.md (+1 more)
PACKAGE-HISTORICAL,buyer-release/source-tree/docs/LIVE-VALIDATION.md,7882,174,N,N,9eece8b46e2d08d1c05dd4e26e995f23aa44a6f2132b3153ddd048f9e09075d2,buyer-release-final/docs/LIVE-VALIDATION.md;buyer-release-final/source-tree/docs/LIVE-VALIDATION.md;buyer-release/docs/LIVE-VALIDATION.md (+1 more)
PACKAGE-HISTORICAL,buyer-release/source-tree/docs/MODULES.md,6239,115,N,N,e7206730e2449a8100e92e802fa853ba1eb082fd84e9d7132c604d57db6ad5c6,buyer-release-final/docs/MODULES.md;buyer-release-final/source-tree/docs/MODULES.md;buyer-release/docs/MODULES.md (+1 more)
PACKAGE-HISTORICAL,buyer-release/source-tree/docs/OPERATIONS.md,5741,125,N,N,03347d3af66108a976344499b5fb96eee04c257ca2d688c8d892453aeb2f5088,buyer-release-final/docs/OPERATIONS.md;buyer-release-final/source-tree/docs/OPERATIONS.md;buyer-release/docs/OPERATIONS.md (+1 more)
PACKAGE-HISTORICAL,buyer-release/source-tree/docs/RECONCILIATION.md,23013,379,N,N,dc339ab78919268d3df213333750d1a1f9edb12e6f12692d84b6e2fe564cf275,buyer-release-final/docs/RECONCILIATION.md;buyer-release-final/source-tree/docs/RECONCILIATION.md;buyer-release/docs/RECONCILIATION.md (+1 more)
PACKAGE-HISTORICAL,buyer-release/source-tree/docs/RELEASE-NOTES-0.1.0.md,6340,112,N,N,8659c884dd7ed4340bc8b63c7535128873eec08aeac0c980438d3528582bdca5,buyer-release-final/docs/RELEASE-NOTES-0.1.0.md;buyer-release-final/source-tree/docs/RELEASE-NOTES-0.1.0.md;buyer-release/docs/RELEASE-NOTES-0.1.0.md (+1 more)
PACKAGE-HISTORICAL,buyer-release/source-tree/docs/RELEASE.md,7644,140,N,N,c04417bd77ae2f857f1301f6b2d4f7c909433f8e7008bcbe2deba67b610ff20f,buyer-release-final/docs/RELEASE.md;buyer-release-final/source-tree/docs/RELEASE.md;buyer-release/docs/RELEASE.md (+1 more)
PACKAGE-HISTORICAL,buyer-release/source-tree/docs/REPOSITORY-MAP.md,13533,203,N,N,24e50bcc5e9f5f75231dbe300287ae91b908f56141ba496ef0c7ee8b8975e337,buyer-release/docs/REPOSITORY-MAP.md
PACKAGE-HISTORICAL,buyer-release/source-tree/docs/SCOPE-BOUNDARY.md,5393,99,N,N,848089c2474124d93a90b4aadc89f32207feca836cc9d1c579977acc6ab1ab59,buyer-release-final/docs/SCOPE-BOUNDARY.md;buyer-release-final/source-tree/docs/SCOPE-BOUNDARY.md;buyer-release/docs/SCOPE-BOUNDARY.md (+1 more)
PACKAGE-HISTORICAL,buyer-release/source-tree/docs/SECURITY.md,7194,104,N,N,3b9723fa423ae018aa37ae9a91b3cbd1deffe0da8bb75ede269ed929930757ba,buyer-release-final/docs/SECURITY.md;buyer-release-final/source-tree/docs/SECURITY.md;sniper-suite/docs/SECURITY.md
PACKAGE-HISTORICAL,buyer-release/source-tree/docs/SELLER-FACT-SHEET.md,8639,163,N,N,679bb3ceb4c98fbfa6af87884ac90246cc90e397bed6adf5d44e70b707d56c10,buyer-release-final/docs/SELLER-FACT-SHEET.md;buyer-release-final/source-tree/docs/SELLER-FACT-SHEET.md;buyer-release/docs/SELLER-FACT-SHEET.md (+1 more)
PACKAGE-HISTORICAL,buyer-release/source-tree/docs/SELLING-LISTING-SOURCE.md,9175,171,N,N,644a2d772dd639777bd2f316a6465ee103c119bc4cad5240372c571eb4674eb2,buyer-release-final/docs/SELLING-LISTING-SOURCE.md;buyer-release-final/source-tree/docs/SELLING-LISTING-SOURCE.md;buyer-release/docs/SELLING-LISTING-SOURCE.md (+1 more)
PACKAGE-HISTORICAL,buyer-release/source-tree/docs/STAKING.md,9127,157,N,N,ecf9fc404ff2ad5c1821d6c7d1e76aaf8eefd7706be84a956d52ac406458ed90,buyer-release-final/docs/STAKING.md;buyer-release-final/source-tree/docs/STAKING.md;buyer-release/docs/STAKING.md (+1 more)
PACKAGE-HISTORICAL,buyer-release/source-tree/docs/SUPPORT-HANDOVER.md,6571,133,N,N,6fe3f35da7cae943177b191efa8841a8273b97ece516f177dc2c349c393353d6,buyer-release-final/docs/SUPPORT-HANDOVER.md;buyer-release-final/source-tree/docs/SUPPORT-HANDOVER.md;buyer-release/docs/SUPPORT-HANDOVER.md (+1 more)
PACKAGE-HISTORICAL,buyer-release/source-tree/docs/TECHNICAL-DIFFERENTIATORS.md,7796,140,N,N,32f433294114138a56c3098475595fd59f9b1849f477231f26e9bb17a6dc7f6b,buyer-release-final/docs/TECHNICAL-DIFFERENTIATORS.md;buyer-release-final/source-tree/docs/TECHNICAL-DIFFERENTIATORS.md;buyer-release/docs/TECHNICAL-DIFFERENTIATORS.md (+1 more)
PACKAGE-HISTORICAL,buyer-release/source-tree/docs/TECHNICAL-FACT-SHEET.md,9132,151,N,N,5b849950ace6ef52f3b582305e020178768f39efa225f4ae2c2feb7fd4b10c41,buyer-release-final/docs/TECHNICAL-FACT-SHEET.md;buyer-release-final/source-tree/docs/TECHNICAL-FACT-SHEET.md;buyer-release/docs/TECHNICAL-FACT-SHEET.md (+1 more)
PACKAGE-HISTORICAL,buyer-release/source-tree/docs/TESTING.md,9849,144,N,N,d8accf370e746902d04972e55dc6488bc457b7714373bfa02b2f864a2ce1ea8c,buyer-release-final/docs/TESTING.md;buyer-release-final/source-tree/docs/TESTING.md;buyer-release/docs/TESTING.md (+1 more)
PACKAGE-HISTORICAL,buyer-release/source-tree/docs/THIRD-PARTY.md,6339,125,N,N,9110146aa3d39358f5de004e39fe8a972bc79c208dbb21bfba2981c39324d7d1,buyer-release-final/docs/THIRD-PARTY.md;buyer-release-final/source-tree/docs/THIRD-PARTY.md;buyer-release/docs/THIRD-PARTY.md (+1 more)
PACKAGE-HISTORICAL,buyer-release/source-tree/programs/staking-suite/Cargo.lock,160243,6494,N,N,2a00d2817f5538125459a25b3fa43b504b16bfb774d42f2cc8dbc9824af6a9be,buyer-release-final/source-tree/programs/staking-suite/Cargo.lock;sniper-suite/programs/staking-suite/Cargo.lock
PACKAGE-HISTORICAL,buyer-release/source-tree/programs/staking-suite/Cargo.toml,2872,70,N,N,be4209551d916f47b37cea4f1518ab22fd3068d11cc08891a9d8ff9b89683f75,buyer-release-final/source-tree/programs/staking-suite/Cargo.toml;sniper-suite/programs/staking-suite/Cargo.toml
PACKAGE-HISTORICAL,buyer-release/source-tree/programs/staking-suite/.cargo/audit.toml,990,21,N,N,bee2b17167ac23ed3b977347619cf39d393c8358c18364485c5ce93f50cedb4e,buyer-release-final/source-tree/programs/staking-suite/.cargo/audit.toml;sniper-suite/programs/staking-suite/.cargo/audit.toml
PACKAGE-HISTORICAL,buyer-release/source-tree/programs/staking-suite/.cargo/config.toml,481,9,N,N,71358958972696a1a1ceef586553b0ef83bf843fc1d9f88bedb06658659556cb,buyer-release-final/source-tree/programs/staking-suite/.cargo/config.toml;sniper-suite/programs/staking-suite/.cargo/config.toml
PACKAGE-HISTORICAL,buyer-release/source-tree/programs/staking-suite/src/error.rs,7116,197,N,N,85c2a77877cc63224b0544d205ac08e972c77d36ccaad6e8e728135045c636c0,buyer-release-final/source-tree/programs/staking-suite/src/error.rs;sniper-suite/programs/staking-suite/src/error.rs
PACKAGE-HISTORICAL,buyer-release/source-tree/programs/staking-suite/src/instruction.rs,22326,602,N,N,e7bb9347c68e5cf0ca5f53d3e96c4a6e15ae8697dc71e6399c677bd904c7cc8d,buyer-release-final/source-tree/programs/staking-suite/src/instruction.rs;sniper-suite/programs/staking-suite/src/instruction.rs
PACKAGE-HISTORICAL,buyer-release/source-tree/programs/staking-suite/src/lib.rs,2496,57,N,N,b00b86082413a1f9af069c2336754ea392d8a65dbf698d5277c276d584afc66b,buyer-release-final/source-tree/programs/staking-suite/src/lib.rs;sniper-suite/programs/staking-suite/src/lib.rs
PACKAGE-HISTORICAL,buyer-release/source-tree/programs/staking-suite/src/processor.rs,98976,2854,N,N,19ce10aabccd2afc53607c1059057c84459221bec6c77affcaec46ccb6ed0713,buyer-release-final/source-tree/programs/staking-suite/src/processor.rs;sniper-suite/programs/staking-suite/src/processor.rs
PACKAGE-HISTORICAL,buyer-release/source-tree/programs/staking-suite/src/state.rs,16909,424,N,N,4d61b7253ccf5c526a7cf40e3464e1ad51b602010eeabde74604686c016984b1,buyer-release-final/source-tree/programs/staking-suite/src/state.rs;sniper-suite/programs/staking-suite/src/state.rs
PACKAGE-HISTORICAL,buyer-release/source-tree/programs/staking-suite/tests/validator_e2e.rs,45252,1404,N,N,5da1dcec9b44a2bc2ce5ea2633eff6c44c9a1cb3ebe4e85a5c8a29d5c639f2a5,buyer-release-final/source-tree/programs/staking-suite/tests/validator_e2e.rs;sniper-suite/programs/staking-suite/tests/validator_e2e.rs
PACKAGE-HISTORICAL,buyer-release/source-tree/scripts/release-check.sh,8087,181,N,N,4e6e68600c5c79f645a884a801bbac1f180efbf03993b2b6c8bfb2b094b89878,buyer-release-final/deployment/scripts/release-check.sh;buyer-release-final/source-tree/scripts/release-check.sh;buyer-release/deployment/scripts/release-check.sh (+1 more)
PACKAGE-HISTORICAL,buyer-release/source-tree/scripts/staking-identity.sh,8715,205,N,N,61ff70b5cb90d6b25de56567cd8ba73a8890db8568b4e354db91ee32846c48fc,buyer-release/deployment/scripts/staking-identity.sh
PACKAGE-HISTORICAL,buyer-release/source-tree/scripts/verify-delivery.sh,7062,155,N,N,5b73b1e244ede10c20cd7f1531138a8cac1ef286e38c1b80803ecdd3c4e5b8f3,buyer-release-final/deployment/scripts/verify-delivery.sh;buyer-release-final/source-tree/scripts/verify-delivery.sh;buyer-release/deployment/scripts/verify-delivery.sh (+1 more)
PACKAGE-HISTORICAL,buyer-release/source/sniper-suite-0.1.0-hardened-src.tar.gz,851292,,Y,N,2084d6a93efcf0fa0f0877075387c1edb054ea47cd4dc539e0199fe2cf429786,
PACKAGE-HISTORICAL,buyer-release/staking-program/PROGRAM-ID-STATUS.md,1185,18,N,N,e0447b2bc4ef70334ad7d9651937983f2e06249f3081cbdbff6b4ce5db5ca0b2,
PACKAGE-HISTORICAL,buyer-release/staking-program/staking_suite.so,187504,,Y,N,57a890fae273f2c569fc814c43f0645311b6983dd30782126a9844ee193b5564,buyer-release-final/binaries/staking_suite.so;buyer-release-final/staking-program/staking_suite.so;buyer-release/binaries/staking_suite.so (+1 more)
SNAPSHOT-FREEZE-ERA,delivery/ARTIFACTS-NOTE.txt,2239,45,N,N,35e65f49aae6eb0be09357ec7658ae83dc6824009cd441a25a3ec51f5a92b360,
SNAPSHOT-FREEZE-ERA,delivery/SHA256SUMS.txt,96,1,N,N,8b1072eb027012f721319952e66f9e806cb9ad77319477c25156da37c4636b3e,
SNAPSHOT-FREEZE-ERA,delivery/sniper-suite-0.1.0-src.tar.gz,798886,,Y,N,ca00a02b1689cf6ba5bfd3158f612313a81f51090e03b40c1f80c3fbfb8e6c5f,
EVIDENCE-VENDOR,evidence/backup-2026-09-18T15:44:22Z.dump,116964,,Y,N,5989ecf1ff2b2a8bd693fbb0aa8a16d2ece708a6ebdb354aecf5492ee93fec3c,buyer-release-final/database/backup-2026-09-18T15:44:22Z.dump;buyer-release/evidence/db/backup-2026-09-18T15:44:22Z.dump
EVIDENCE-VENDOR,evidence/backup-2026-09-18T15:47:37Z.dump,116973,,Y,N,740ac85839897d96ae8f8e30c8f5e2372242f6fdd7bf2d97eb9308e03c6629a9,buyer-release-final/database/backup-2026-09-18T15:47:37Z.dump;buyer-release/evidence/db/backup-2026-09-18T15:47:37Z.dump
EVIDENCE-VENDOR,evidence/benchmarks-2026-09-18.json,2424,61,N,N,53eeac7702e05fdad38b7b7e6c1bbccb516d2d69546554ad8fe4d91d0d13c021,buyer-release-final/benchmarks/benchmarks-2026-09-18.json;buyer-release/evidence/benchmarks/benchmarks-2026-09-18.json
EVIDENCE-VENDOR,evidence/cargo-metadata.err,6988,208,N,N,594eb511a28403a213dc90f588c198cda4c2edd5ba0deb9a5aa2603024ab3138,
EVIDENCE-VENDOR,evidence/cargo-metadata.json,3575950,1,N,N,6c8b81cdb51b3d317273cc6dc49d25f0100630314beb70d35fccf3d34a2bfb95,buyer-release-final/evidence/inventory/cargo-metadata.json;buyer-release/evidence/inventory/cargo-metadata.json
EVIDENCE-VENDOR,evidence/ledger.csv,21038,37,N,N,d0a461b750e8e0b43443361652f0827b7f48020d6cd764d70687ec1cdd533dce,buyer-release-final/evidence/inventory/ledger.csv
EVIDENCE-VENDOR,evidence/package-completeness-final.csv,42185,186,N,N,6f9232667b8f351fbdf867b6167aef8168e4963231bc541bdadb93a24bb09fa9,buyer-release-final/evidence/inventory/package-completeness-final.csv
EVIDENCE-VENDOR,evidence/phase11-latency-devnet.log,8355,210,N,N,c840ad392f4e578a0c5fcf2c50c197d8cb79ec224cad2fd0fd2b843ed35c11ec,buyer-release-final/benchmarks/phase11-latency-devnet.log;buyer-release/evidence/benchmarks/phase11-latency-devnet.log
EVIDENCE-VENDOR,evidence/phase2-check.log,25,1,N,N,efbf5de364ec86882a953708a039f5c90dbc0d29c48f21782781c750862067e1,buyer-release-final/evidence/compile-logs/phase2-check.log;buyer-release/evidence/compile-logs/phase2-check.log
EVIDENCE-VENDOR,evidence/phase2-fmt.log,23,1,N,N,3c0ce9816089e497551df8bcb2e637640263be5e71aec7c184cbc84e582611d6,buyer-release-final/evidence/compile-logs/phase2-fmt.log;buyer-release/evidence/compile-logs/phase2-fmt.log
EVIDENCE-VENDOR,evidence/phase2-staking-clippy.log,15416,449,N,N,0cb578a90357976134675c9f63dccd57e4dd796a5217bd4214e7eea990b401ea,buyer-release-final/evidence/tests/phase2-staking-clippy.log;buyer-release/evidence/tests/phase2-staking-clippy.log
EVIDENCE-VENDOR,evidence/phase2-test-workspace-allfeat.log,38985,700,N,N,8942836c46d002c6ed93c02a2a41cfa5578b6789ff5e6481fa8ab007fea7a1b9,buyer-release-final/evidence/tests/phase2-test-workspace-allfeat.log;buyer-release/evidence/tests/phase2-test-workspace-allfeat.log
EVIDENCE-VENDOR,evidence/phase2-test-workspace.log,44958,879,N,N,9fcb604bc791141ad1838b20b32c4a9a87298cd721cd63e98bc8de26f1bc99ef,buyer-release-final/evidence/tests/phase2-test-workspace.log;buyer-release/evidence/tests/phase2-test-workspace.log
EVIDENCE-VENDOR,evidence/phase3-sbf-determinism-rerun.log,19147,424,N,N,7b53e7baa7e17bd35befdf6784221b1c27a7331db7f0429ca4ffbfb9f34e5694,buyer-release-final/evidence/compile-logs/phase3-sbf-determinism-rerun.log;buyer-release/evidence/compile-logs/phase3-sbf-determinism-rerun.log
EVIDENCE-VENDOR,evidence/phase3-sbf-rebuild.log,16844,373,N,N,fcbec59de6589bc931e57c8846044fc739e4b2a215373da3bc19bb60b1059d6f,buyer-release-final/evidence/compile-logs/phase3-sbf-rebuild.log;buyer-release/evidence/compile-logs/phase3-sbf-rebuild.log
EVIDENCE-VENDOR,evidence/phase5-capmeta-final.log,327,8,N,N,1ed3bf4773434800a06351afa655dda41a40a0ea75fb008c27baec52119fcf41,buyer-release-final/evidence/tests/phase5-capmeta-final.log;buyer-release/evidence/tests/phase5-capmeta-final.log
EVIDENCE-VENDOR,evidence/phase5-capmeta-fix.log,1816,19,N,N,27700fd07b7986620d6b05797b8d116025372c96242f6ba688878e7da4e23a92,buyer-release-final/evidence/tests/phase5-capmeta-fix.log;buyer-release/evidence/tests/phase5-capmeta-fix.log
EVIDENCE-VENDOR,evidence/phase5-capmeta-retry.log,1652,18,N,N,04b1e295ebd6bba37856a23045792938b7db3e17c229b9729b55c5a12b82147b,buyer-release-final/evidence/tests/phase5-capmeta-retry.log;buyer-release/evidence/tests/phase5-capmeta-retry.log
EVIDENCE-VENDOR,evidence/phase5-full-batch.log,432,10,N,N,358c4eacad5c6acd864f6a19c5286fa0c35d938f193cf2bb239eac81130caa24,buyer-release-final/evidence/tests/phase5-full-batch.log;buyer-release/evidence/tests/phase5-full-batch.log
EVIDENCE-VENDOR,evidence/phase5-funded-retry.log,799,18,N,N,fc71f5550edd64a14d56441d09f9b6f61c40ba7856811a818e426757a4953d0f,buyer-release-final/evidence/tests/phase5-funded-retry.log;buyer-release/evidence/tests/phase5-funded-retry.log
EVIDENCE-VENDOR,evidence/phase5-funded-retry2.log,797,18,N,N,60c0d57be195ff5d1fe87dee8db68707ddd6ea11931c4f1c8b205964cdecc2ab,buyer-release-final/evidence/tests/phase5-funded-retry2.log;buyer-release/evidence/tests/phase5-funded-retry2.log
EVIDENCE-VENDOR,evidence/phase5-governance-retry.log,324,8,N,N,4a3008c26ce836c652dc9ab962ccdb89ea59769c7350a22a414c0926fa1b3944,buyer-release-final/evidence/tests/phase5-governance-retry.log;buyer-release/evidence/tests/phase5-governance-retry.log
EVIDENCE-VENDOR,evidence/phase5-validator-e2e.log,18820,535,N,N,7c1b4823f2019692c9dfc47ec69f31ebccb1686b9bae6e0d3652faefd197777c,buyer-release-final/evidence/tests/phase5-validator-e2e.log;buyer-release/evidence/tests/phase5-validator-e2e.log
EVIDENCE-VENDOR,evidence/phase7-identity-verify.log,1269,22,N,N,9a601fde7306fb2af608f9c4365781dd73c9fb74562c7494ed46cd03ed5f1385,buyer-release-final/evidence/gates/phase7-identity-verify.log
EVIDENCE-VENDOR,evidence/phase8-1-populate.log,1494,30,N,N,acf86938988f2efa053f52b88d501f70c1bfc698db76f2a7de1c094cbfeccf9a,buyer-release-final/database/phase8-1-populate.log;buyer-release/evidence/db/phase8-1-populate.log
EVIDENCE-VENDOR,evidence/phase8-3-dump.sha256,119,1,N,N,be1946fa9bf907a81f2e415b0d2ba472ebda64697938d959af5a1e7fc53b566a,buyer-release-final/database/phase8-3-dump.sha256;buyer-release/evidence/db/phase8-3-dump.sha256
EVIDENCE-VENDOR,evidence/phase8-4-restore.log,0,0,N,N,e3b0c44298fc1c149afbf4c8996fb92427ae41e4649b934ca495991b7852b855,.sudo_as_admin_successful;buyer-release-final/database/phase8-4-restore.log;buyer-release/evidence/db/phase8-4-restore.log (+4 more)
EVIDENCE-VENDOR,evidence/phase8-6-restored-rerun.log,1494,30,N,N,8523a3d8467f0bc0910c591278696303baa669b8eb54fcfd52b6f20536309ad6,buyer-release-final/evidence/tests/phase8-6-restored-rerun.log;buyer-release/evidence/db/phase8-6-restored-rerun.log
EVIDENCE-VENDOR,evidence/phase8-7-app.log,128,1,N,N,0880219f2bff21ad00fd0058b8efd1568d0f1fb8947c58bb82f060c2f52ce31c,buyer-release-final/database/phase8-7-app.log;buyer-release/evidence/db/phase8-7-app.log
EVIDENCE-VENDOR,evidence/phase8-main.log,1159,25,N,N,ae827b2ea8ff09c71b79901f9d5aec3d99fdeae00c9b540b0a6b05526bcd9c60,buyer-release-final/database/phase8-main.log;buyer-release/evidence/db/phase8-main.log
EVIDENCE-VENDOR,evidence/phase8-rst-migrations.txt,1301,11,N,N,754c2846263c30fc41a9a7ae0039cac19e7adebbd9e3d6d94a1defc442c3104a,buyer-release-final/database/phase8-rst-migrations.txt;buyer-release-final/database/phase8-src-migrations.txt;buyer-release/evidence/db/phase8-rst-migrations.txt (+2 more)
EVIDENCE-VENDOR,evidence/phase8-rst-rowcounts.txt,389,24,N,N,da35a59f2852e4c7ea97676ea0290d445049075ca56c696b0be77ddc2dc75370,buyer-release-final/database/phase8-rst-rowcounts.txt;buyer-release-final/database/phase8-src-rowcounts.txt;buyer-release/evidence/db/phase8-rst-rowcounts.txt (+2 more)
EVIDENCE-VENDOR,evidence/phase8-rst-tables.txt,339,24,N,N,68cfda5752958e95d18403056e95ea537be21468cac2b8d9036a665076fb6300,buyer-release-final/database/phase8-rst-tables.txt;buyer-release-final/database/phase8-src-tables.txt;buyer-release/evidence/db/phase8-rst-tables.txt (+2 more)
EVIDENCE-VENDOR,evidence/phase8-src-migrations.txt,1301,11,N,N,754c2846263c30fc41a9a7ae0039cac19e7adebbd9e3d6d94a1defc442c3104a,buyer-release-final/database/phase8-rst-migrations.txt;buyer-release-final/database/phase8-src-migrations.txt;buyer-release/evidence/db/phase8-rst-migrations.txt (+2 more)
EVIDENCE-VENDOR,evidence/phase8-src-rowcounts.txt,389,24,N,N,da35a59f2852e4c7ea97676ea0290d445049075ca56c696b0be77ddc2dc75370,buyer-release-final/database/phase8-rst-rowcounts.txt;buyer-release-final/database/phase8-src-rowcounts.txt;buyer-release/evidence/db/phase8-rst-rowcounts.txt (+2 more)
EVIDENCE-VENDOR,evidence/phase8-src-tables.txt,339,24,N,N,68cfda5752958e95d18403056e95ea537be21468cac2b8d9036a665076fb6300,buyer-release-final/database/phase8-rst-tables.txt;buyer-release-final/database/phase8-src-tables.txt;buyer-release/evidence/db/phase8-rst-tables.txt (+2 more)
EVIDENCE-VENDOR,evidence/phase8b-app.log,3951,24,N,N,76b6cfb55eb7b50b83017890370e09f26714533aae376ad44a21bbf62da164c5,buyer-release-final/evidence/app-startup/phase8b-app.log;buyer-release/evidence/app-startup/phase8b-app.log
EVIDENCE-VENDOR,evidence/phase8b-endpoints.log,2043,28,N,N,219eef783515322f65208c7239c6642f7efebffeab35c715e4046c491ad0e642,buyer-release-final/evidence/app-startup/phase8b-endpoints.log;buyer-release/evidence/app-startup/phase8b-endpoints.log
EVIDENCE-VENDOR,evidence/phase8b-main.log,2365,35,N,N,c2d935ee0fc05d09cf8e5d6d6951332416f59e690b65783ca4d80b221572bb6e,buyer-release-final/database/phase8b-main.log;buyer-release-final/evidence/app-startup/phase8b-main.log;buyer-release/evidence/app-startup/phase8b-main.log
EVIDENCE-VENDOR,evidence/phase8b-shutdown.log,572,6,N,N,2b244c726269dae1e38995d1bef608c20cd7cd8574bcfbf318ad33562febf8b5,buyer-release-final/evidence/app-startup/phase8b-shutdown.log;buyer-release/evidence/app-startup/phase8b-shutdown.log
EVIDENCE-VENDOR,evidence/release-check-final.log,2351381,34597,N,N,ec269724551d8d0d0b723504bf301d007e463b51017ecfa784fe27058c58377b,buyer-release-final/evidence/gates/release-check-final.log;buyer-release/evidence/gates/release-check-final.log
EVIDENCE-VENDOR,evidence/source-inventory.csv,19251,184,N,N,7f77a5a134b0b758d1abd5f78f63601514d039cc39f35b6633b14ba7b004065b,buyer-release-final/evidence/inventory/source-inventory.csv
EVIDENCE-VENDOR,evidence/source-inventory.json,31366,1113,N,N,7995645f360cc9692b18968820da77e3d09d7ca7269969919a187752d9569bf4,buyer-release-final/evidence/inventory/source-inventory.json
EVIDENCE-VENDOR,evidence/staking_suite.so.first,187504,,Y,N,57a890fae273f2c569fc814c43f0645311b6983dd30782126a9844ee193b5564,buyer-release-final/binaries/staking_suite.so;buyer-release-final/staking-program/staking_suite.so;buyer-release/binaries/staking_suite.so (+1 more)
EVIDENCE-VENDOR,evidence/verify-delivery-final.log,539,10,N,N,9d6ba418074a6eef752d63cde13cad8169f0d0f3178ae37a021d300f65a48c3c,buyer-release-final/evidence/gates/verify-delivery-final.log;buyer-release/evidence/gates/verify-delivery-final.log
EVIDENCE-VENDOR,evidence/handover/placeholder-scan-raw.json,47779,1661,N,N,3eeb6196f402531964acaf27779306028a4f19feeaa9458d49af277c26c75648,buyer-release-final/evidence/handover/placeholder-scan-raw.json
EVIDENCE-VENDOR,evidence/provenance/SOURCE-PROVENANCE.json,38350,1345,N,N,c0377a123ed5bd2a0a3e8850d5a6d0be378f2cb65a5d6da4db0c471e73b8f721,buyer-release-final/provenance/SOURCE-PROVENANCE.json
EVIDENCE-VENDOR,evidence/provenance/SOURCE-PROVENANCE.md,4072,95,N,N,85ec040094bb3e90963f8c0c7f421512d4c97cab85107a37bb2edbe2a5361e3f,buyer-release-final/provenance/SOURCE-PROVENANCE.md
EVIDENCE-VENDOR,evidence/sbom/cargo-tree-app.txt,21143,894,N,N,97ccf999495909a4525e8dcd2311998d117925a1002a1695008e1e84319f1904,buyer-release-final/evidence/sbom/cargo-tree-app.txt;buyer-release/evidence/sbom/cargo-tree-app.txt
EVIDENCE-VENDOR,evidence/sbom/sbom-summary.log,504,12,N,N,ad8e10e1e1a2aa5e59bbcca754eecc0e34096745fce62b6945ad1003fba2b48c,buyer-release-final/evidence/sbom/sbom-summary.log;buyer-release/evidence/sbom/sbom-summary.log
EVIDENCE-VENDOR,evidence/sbom/cargo-tree-staking.txt,16501,714,N,N,e68b14628248a1f183e4349eccdb346935ea434764f0df022504df7d4e5b5ebc,buyer-release-final/evidence/sbom/cargo-tree-staking.txt;buyer-release/evidence/sbom/cargo-tree-staking.txt
EVIDENCE-VENDOR,evidence/security/audit-app.log,2465,85,N,N,8ecc1a0e8d8e84bcdee3e175353220cca7024748d74541ade4ce0c359f12eafe,buyer-release-final/security/audit-app.log;buyer-release/evidence/security/audit-app.log
EVIDENCE-VENDOR,evidence/security/audit-staking.log,2335,79,N,N,5caabc25ed315a284e1344019e2066b816628681eadea763ce755c0ce67a2009,buyer-release-final/security/audit-staking.log;buyer-release/evidence/security/audit-staking.log
EVIDENCE-VENDOR,evidence/security/deny.log,2213765,31170,N,N,3bc5c5103ee709805770f24aa062f1088e0cbafb90206895526e9f47c6e67337,buyer-release-final/security/deny.log;buyer-release/evidence/security/deny.log
EVIDENCE-VENDOR,evidence/security/static-scans.log,546,15,N,N,f730e2557f6a59c08efd4698ffc43aae2f169e76c3f6fb821b27b2e694396ad0,buyer-release-final/security/static-scans.log;buyer-release/evidence/security/static-scans.log
CANONICAL-REPO,sniper-suite/.dockerignore,372,26,N,N,5f4759807021bf0413fb1f4a0b2026057f70e5e74bbbc9dd67a2b4f27e761da1,buyer-release-final/source-tree/.dockerignore;buyer-release/source-tree/.dockerignore
CANONICAL-REPO,sniper-suite/.env.template,2964,48,N,N,040d3c09f76ef4b1f11b755bbf9a61a03a5938407d00589f9c78210d04681285,buyer-release-final/source-tree/.env.template;buyer-release/deployment/.env.template;buyer-release/source-tree/.env.template
CANONICAL-REPO,sniper-suite/.gitignore,281,25,N,N,5574336e460432f825008f5039d58f82f5249c9c2f728d36ff4736512c67c6b1,buyer-release-final/source-tree/.gitignore;buyer-release/source-tree/.gitignore
CANONICAL-REPO,sniper-suite/AUDIT.md,160152,1767,N,N,bf196d35f18c53c206fa9f714421c0b1584ff6aa27efecb06a14a73c10a0e90c,buyer-release-final/source-tree/AUDIT.md;buyer-release/docs/AUDIT.md;buyer-release/source-tree/AUDIT.md
CANONICAL-REPO,sniper-suite/CHANGELOG.md,16552,275,N,N,534a64b930f1f705a21e44fb2385373d4ba9e798ed511ce5d148de3c9a8ee22a,buyer-release-final/source-tree/CHANGELOG.md
CANONICAL-REPO,sniper-suite/Cargo.lock,201147,8343,N,N,9740cac2a1fe01fd3dd181efd68098f968078871a6674235b7f0d4790ba4ad2f,buyer-release-final/source-tree/Cargo.lock;buyer-release/source-tree/Cargo.lock
CANONICAL-REPO,sniper-suite/Cargo.toml,3571,107,N,N,b5a65ce4bc5a9074ad545ddcf527e675704a64c392be2acd70e24b3bd0f78038,buyer-release-final/source-tree/Cargo.toml;buyer-release/source-tree/Cargo.toml
CANONICAL-REPO,sniper-suite/Dockerfile,2760,73,N,N,89cf34144d13cab9ddbb5dc0421ba75884ca5a0a6af6b41cd2d74ee117642c32,buyer-release-final/deployment/Dockerfile;buyer-release-final/source-tree/Dockerfile;buyer-release/deployment/Dockerfile (+1 more)
CANONICAL-REPO,sniper-suite/LICENSE,1536,30,N,N,dd2bbeb411c4659c256df7c9b4b063fbab796e312faeaa7cb2c4af45b5719ca5,buyer-release-final/source-tree/LICENSE;buyer-release/docs/LICENSE;buyer-release/source-tree/LICENSE
CANONICAL-REPO,sniper-suite/README.md,32317,617,N,N,a8193604499a86d4679f40ec8ff8279644594547d45feba654000ecebc00ef69,buyer-release-final/source-tree/README.md
CANONICAL-REPO,sniper-suite/SECURITY.md,1747,43,N,N,d788db3106816b5d411c88323a959d26c2ab13b9ab61438e5bf90b3b17de0afe,buyer-release-final/source-tree/SECURITY.md;buyer-release/docs/SECURITY.md;buyer-release/source-tree/SECURITY.md
CANONICAL-REPO,sniper-suite/VERSION,6,1,N,N,e9dd8507f4bf0c6f42458e41aea833ad0bd3f6127272335eee9bf4d58541ed67,buyer-release-final/source-tree/VERSION;buyer-release/docs/VERSION;buyer-release/source-tree/VERSION
CANONICAL-REPO,sniper-suite/config.toml.example,18662,385,N,N,a09979e07c2b1e9f69ed0e555e30c2c24267d9db3a7384240ce685d64c00a011,buyer-release-final/deployment/config.toml.example;buyer-release-final/source-tree/config.toml.example;buyer-release/deployment/config.toml.example (+2 more)
CANONICAL-REPO,sniper-suite/deny.toml,4075,92,N,N,80a7a1aafa9528049a4d48be3e81139c447c1eaa808e1322c1a91211ea386173,buyer-release-final/source-tree/deny.toml;buyer-release/source-tree/deny.toml
CANONICAL-REPO,sniper-suite/docker-compose.yml,2769,79,N,N,f36bd755d8a89337095148008ecfa37ff2f60fdd08db5f5de40dc83a07a70e88,buyer-release-final/deployment/docker-compose.yml;buyer-release-final/source-tree/docker-compose.yml;buyer-release/deployment/docker-compose.yml (+1 more)
CANONICAL-REPO,sniper-suite/release-manifest.json,9462,116,N,N,ddcd8f270ee9f020d2ab5813a2e9ccdfbe63abbdff93bea435e773186f22f7d3,buyer-release-final/manifests/release-manifest.json;buyer-release-final/source-tree/release-manifest.json
CANONICAL-REPO,sniper-suite/rust-toolchain.toml,586,13,N,N,6bfe34c7428e778a6347cc465fed1d1ca477d2d7205f9867c73c95e1fc565477,buyer-release-final/source-tree/rust-toolchain.toml;buyer-release/source-tree/rust-toolchain.toml
CANONICAL-REPO,sniper-suite/.cargo/audit.toml,2324,46,N,N,6754b55b5e0a34cf4a9a0250ace2c92b7fff6deb2c3e8068a849fc078d0f79c8,buyer-release-final/source-tree/.cargo/audit.toml;buyer-release/source-tree/.cargo/audit.toml
CANONICAL-REPO,sniper-suite/.github/workflows/ci.yml,7600,211,N,N,8982dd6292e9d268ac37352877baddd89c2ddeea51c709aa9f5e5764dca60a86,buyer-release-final/ci/ci.yml;buyer-release-final/source-tree/.github/workflows/ci.yml;buyer-release/ci/ci.yml (+1 more)
CANONICAL-REPO,sniper-suite/crates/core/Cargo.toml,780,33,N,N,5cc6f59f86a8e2bc39d254ec058f0c1000667695d8ecea7549e6c7795a9cd630,buyer-release-final/source-tree/crates/core/Cargo.toml;buyer-release/source-tree/crates/core/Cargo.toml
CANONICAL-REPO,sniper-suite/crates/core/migrations/0001_bootstrap.sql,3432,79,N,N,45c5f0896ac9f91f9f176aa7c020a8fef80d7d752a17ff97bcb742c5862d7d08,buyer-release-final/deployment/migrations/0001_bootstrap.sql;buyer-release-final/source-tree/crates/core/migrations/0001_bootstrap.sql;buyer-release/deployment/migrations/0001_bootstrap.sql (+1 more)
CANONICAL-REPO,sniper-suite/crates/core/migrations/0002_orders_executions.sql,4808,97,N,N,4d41335901f325fba03460603bac20c49c47e977100ada174e4473d7ebce5781,buyer-release-final/deployment/migrations/0002_orders_executions.sql;buyer-release-final/source-tree/crates/core/migrations/0002_orders_executions.sql;buyer-release/deployment/migrations/0002_orders_executions.sql (+1 more)
CANONICAL-REPO,sniper-suite/crates/core/migrations/0003_positions_trades.sql,3791,78,N,N,0c2066804b827aabfbf9cd336094e6fb4754c4e13fec1f5e3a749c3fa6f2f40a,buyer-release-final/deployment/migrations/0003_positions_trades.sql;buyer-release-final/source-tree/crates/core/migrations/0003_positions_trades.sql;buyer-release/deployment/migrations/0003_positions_trades.sql (+1 more)
CANONICAL-REPO,sniper-suite/crates/core/migrations/0004_dedup_risk_audit.sql,2287,49,N,N,94f03e45f7fff3c10fcbe51d56041bd020ba0345f5a7cfe06b6d47fe87e7633c,buyer-release-final/deployment/migrations/0004_dedup_risk_audit.sql;buyer-release-final/source-tree/crates/core/migrations/0004_dedup_risk_audit.sql;buyer-release/deployment/migrations/0004_dedup_risk_audit.sql (+1 more)
CANONICAL-REPO,sniper-suite/crates/core/migrations/0005_reconciliation.sql,1548,32,N,N,7a8fbc5c1c938df4ad6cd96016ee59b2b0f3e439238d3478791a3fc17d345111,buyer-release-final/deployment/migrations/0005_reconciliation.sql;buyer-release-final/source-tree/crates/core/migrations/0005_reconciliation.sql;buyer-release/deployment/migrations/0005_reconciliation.sql (+1 more)
CANONICAL-REPO,sniper-suite/crates/core/migrations/0006_transaction_attribution.sql,866,15,N,N,5690e5a617fdd173295312479356dc613f26cc0fc9f50a849a7fc9f20dbfea0c,buyer-release-final/deployment/migrations/0006_transaction_attribution.sql;buyer-release-final/source-tree/crates/core/migrations/0006_transaction_attribution.sql;buyer-release/deployment/migrations/0006_transaction_attribution.sql (+1 more)
CANONICAL-REPO,sniper-suite/crates/core/migrations/0007_intent_journal.sql,1400,29,N,N,0eabc577ba64cf8cbf0e3346d6859a4fde54b80542ff903d9b6a439f8696be99,buyer-release-final/deployment/migrations/0007_intent_journal.sql;buyer-release-final/source-tree/crates/core/migrations/0007_intent_journal.sql;buyer-release/deployment/migrations/0007_intent_journal.sql (+1 more)
CANONICAL-REPO,sniper-suite/crates/core/migrations/0008_intent_claim_kind.sql,854,18,N,N,fab129cd428416d2cacfa39a7d8ea7dbe5222feccdcd0273705427e4cb9d4894,buyer-release-final/deployment/migrations/0008_intent_claim_kind.sql;buyer-release-final/source-tree/crates/core/migrations/0008_intent_claim_kind.sql;buyer-release/deployment/migrations/0008_intent_claim_kind.sql (+1 more)
CANONICAL-REPO,sniper-suite/crates/core/migrations/0009_execution_claims.sql,2096,42,N,N,c3588d72a6173ae6cb1f38fe43913ab20f40eee662f4277501bf0e2ea5fb3279,buyer-release-final/deployment/migrations/0009_execution_claims.sql;buyer-release-final/source-tree/crates/core/migrations/0009_execution_claims.sql;buyer-release/deployment/migrations/0009_execution_claims.sql (+1 more)
CANONICAL-REPO,sniper-suite/crates/core/migrations/0010_runtime_flags.sql,874,18,N,N,be7112caf0e12acc0367ced8758fb14187ae9502c4acd6ff519b6a1f6824c1e5,buyer-release-final/deployment/migrations/0010_runtime_flags.sql;buyer-release-final/source-tree/crates/core/migrations/0010_runtime_flags.sql;buyer-release/deployment/migrations/0010_runtime_flags.sql (+1 more)
CANONICAL-REPO,sniper-suite/crates/core/migrations/0011_execution_claim_events.sql,1487,32,N,N,60a579e912b4becccb081dd009bd447669c74c5c462d77bb4351b92f525903b8,buyer-release-final/deployment/migrations/0011_execution_claim_events.sql;buyer-release-final/source-tree/crates/core/migrations/0011_execution_claim_events.sql;buyer-release/deployment/migrations/0011_execution_claim_events.sql (+1 more)
CANONICAL-REPO,sniper-suite/crates/core/src/audit.rs,9886,300,N,N,c352eaca1ea0011f2f900fbe3c3109d4a77709d3aba76dbf0640a389674da12a,buyer-release-final/source-tree/crates/core/src/audit.rs;buyer-release/source-tree/crates/core/src/audit.rs
CANONICAL-REPO,sniper-suite/crates/core/src/auth.rs,13669,412,N,N,dfe39ecfefaf7df438ceb5c44e446b21ab6b965e501034fd29fe3198dc22454e,buyer-release-final/source-tree/crates/core/src/auth.rs;buyer-release/source-tree/crates/core/src/auth.rs
CANONICAL-REPO,sniper-suite/crates/core/src/config.rs,79591,2123,N,N,c8860f5ea83873e1147ef6793e3d3591d45c15a222b272bd3eda6120dc4cb1fb,buyer-release-final/source-tree/crates/core/src/config.rs;buyer-release/source-tree/crates/core/src/config.rs
CANONICAL-REPO,sniper-suite/crates/core/src/dedup.rs,11363,346,N,N,adba3eca04ee530ca8d2b698ab766804241ca6d2685244a929b77b91827972a5,buyer-release-final/source-tree/crates/core/src/dedup.rs;buyer-release/source-tree/crates/core/src/dedup.rs
CANONICAL-REPO,sniper-suite/crates/core/src/error.rs,6207,222,N,N,6499538c52a6f24b998055c0ae68cbaa32f32aed88edcb2ed5e17e33ec70bb64,buyer-release-final/source-tree/crates/core/src/error.rs;buyer-release/source-tree/crates/core/src/error.rs
CANONICAL-REPO,sniper-suite/crates/core/src/events.rs,13239,432,N,N,281c529a29e896b571075b5c7c601852795c15b2a822738fb241aef8d9b4a631,buyer-release-final/source-tree/crates/core/src/events.rs;buyer-release/source-tree/crates/core/src/events.rs
CANONICAL-REPO,sniper-suite/crates/core/src/lib.rs,2386,66,N,N,e295a93aaa999e1fc55fe31bd78a76967ac86e85e206a807300b788c6bb66338,buyer-release-final/source-tree/crates/core/src/lib.rs;buyer-release/source-tree/crates/core/src/lib.rs
CANONICAL-REPO,sniper-suite/crates/core/src/lifecycle.rs,7324,222,N,N,5ad030119cd8944efbf1c0455e56f5f423a8cfdece3ac803292dc84df360feb6,buyer-release-final/source-tree/crates/core/src/lifecycle.rs;buyer-release/source-tree/crates/core/src/lifecycle.rs
CANONICAL-REPO,sniper-suite/crates/core/src/maths.rs,14738,471,N,N,4b702e51fae96efac982c973e75b2f9a6cab95f5c4acc74e447e0d284a5f10e9,buyer-release-final/source-tree/crates/core/src/maths.rs;buyer-release/source-tree/crates/core/src/maths.rs
CANONICAL-REPO,sniper-suite/crates/core/src/models.rs,21434,713,N,N,cf7155f6cb91185b24b6924771f84250d054e19bcf1966ba9024ceff25207047,buyer-release-final/source-tree/crates/core/src/models.rs;buyer-release/source-tree/crates/core/src/models.rs
CANONICAL-REPO,sniper-suite/crates/core/src/oms.rs,25118,683,N,N,bb41777cb90d7b99e6610bde2adc84a5527184430beac6d16252c6f373adeca1,buyer-release-final/source-tree/crates/core/src/oms.rs;buyer-release/source-tree/crates/core/src/oms.rs
CANONICAL-REPO,sniper-suite/crates/core/src/ownership.rs,56819,1477,N,N,c1864724d4ad26ab78757033b668c9babe5fbe4feb2c1071a7e2bba8bed2651c,buyer-release-final/source-tree/crates/core/src/ownership.rs;buyer-release/source-tree/crates/core/src/ownership.rs
CANONICAL-REPO,sniper-suite/crates/core/src/reconciliation.rs,32350,819,N,N,1afb0529445b8a79128d177e9fa9fbf97845cfaeb343fc98d5ac854c63b1087f,buyer-release-final/source-tree/crates/core/src/reconciliation.rs;buyer-release/source-tree/crates/core/src/reconciliation.rs
CANONICAL-REPO,sniper-suite/crates/core/src/recovery.rs,21665,578,N,N,c53a7346eebed053d2e34689e87d16e64bc1918b53125e0b7f9d624026efe548,buyer-release-final/source-tree/crates/core/src/recovery.rs;buyer-release/source-tree/crates/core/src/recovery.rs
CANONICAL-REPO,sniper-suite/crates/core/src/redis_kv.rs,10520,295,N,N,8f058b91246d6ed3389533631205e4638ff192a75fab00c56ccde1f470f6e32d,buyer-release-final/source-tree/crates/core/src/redis_kv.rs;buyer-release/source-tree/crates/core/src/redis_kv.rs
CANONICAL-REPO,sniper-suite/crates/core/src/redis_ownership.rs,18883,519,N,N,0345895b0069e48436554eb1180b33a6c6e7b7ce0205b13140ef8095b12b694f,buyer-release-final/source-tree/crates/core/src/redis_ownership.rs;buyer-release/source-tree/crates/core/src/redis_ownership.rs
CANONICAL-REPO,sniper-suite/crates/core/src/risk.rs,34833,969,N,N,08b06010723e3d1e10ca33d618f66750a4374c3164e49aca3bd28154733b9562,buyer-release-final/source-tree/crates/core/src/risk.rs;buyer-release/source-tree/crates/core/src/risk.rs
CANONICAL-REPO,sniper-suite/crates/core/src/state.rs,61788,1677,N,N,a9769bbef4afcb2f0fa946a583f4c4e827b413994c7b3d1cac66f9bfccef3dec,buyer-release-final/source-tree/crates/core/src/state.rs;buyer-release/source-tree/crates/core/src/state.rs
CANONICAL-REPO,sniper-suite/crates/core/src/storage.rs,6186,193,N,N,606ef3c0c6e9d301fa6938b220c5b915bdfaaa7519867223098886abbf2cc249,buyer-release-final/source-tree/crates/core/src/storage.rs;buyer-release/source-tree/crates/core/src/storage.rs
CANONICAL-REPO,sniper-suite/crates/core/src/db/claims.rs,21245,561,N,N,2406b385bf645ca02ffb06b198408d406950a033d72130690b8a4fafd695087a,buyer-release-final/source-tree/crates/core/src/db/claims.rs;buyer-release/source-tree/crates/core/src/db/claims.rs
CANONICAL-REPO,sniper-suite/crates/core/src/db/mod.rs,9720,269,N,N,a0b8224b4607654abc30c31291952d052267715daef81eeef88017a6624add42,buyer-release-final/source-tree/crates/core/src/db/mod.rs;buyer-release/source-tree/crates/core/src/db/mod.rs
CANONICAL-REPO,sniper-suite/crates/core/src/db/repo.rs,77824,2171,N,N,c93b9de16ee81e5fc2e902a23827196267676a5779a03d37b3334f9caba124fa,buyer-release-final/source-tree/crates/core/src/db/repo.rs;buyer-release/source-tree/crates/core/src/db/repo.rs
CANONICAL-REPO,sniper-suite/crates/core/src/obs/health.rs,8867,265,N,N,982d6c732ca8253fa39690482c58c0fc0625cf3207ddcb12b607700294e95b6c,buyer-release-final/source-tree/crates/core/src/obs/health.rs;buyer-release/source-tree/crates/core/src/obs/health.rs
CANONICAL-REPO,sniper-suite/crates/core/src/obs/metrics.rs,18642,566,N,N,e67a5f87dde81c8b9e320f3c363040661b174aa3ddc36e764393ae0a791574d9,buyer-release-final/source-tree/crates/core/src/obs/metrics.rs;buyer-release/source-tree/crates/core/src/obs/metrics.rs
CANONICAL-REPO,sniper-suite/crates/core/src/obs/mod.rs,705,16,N,N,f35e1857cfc03f75a510af7140eb444dc417f9f95e7daa2d7b1bd9d294a0007f,buyer-release-final/source-tree/crates/core/src/obs/mod.rs;buyer-release/source-tree/crates/core/src/obs/mod.rs
CANONICAL-REPO,sniper-suite/crates/core/tests/db_integration.rs,48231,1402,N,N,02ade6e07ad452daf28f2ee1490f8aba0146d90e2b0558d56cb7008897c575f8,buyer-release-final/source-tree/crates/core/tests/db_integration.rs;buyer-release/source-tree/crates/core/tests/db_integration.rs
CANONICAL-REPO,sniper-suite/crates/core/tests/redis_integration.rs,12069,349,N,N,7167f2bbf0a4fba95960eaee8e2e2f7fc0bef6ce8339750ef2b711336dbbf655,buyer-release-final/source-tree/crates/core/tests/redis_integration.rs;buyer-release/source-tree/crates/core/tests/redis_integration.rs
CANONICAL-REPO,sniper-suite/crates/core/tests/distributed_integration.rs,9703,283,N,N,03be5efe0717d756eb0c8b65700245150692a07d6273239a2a462d098ac16ce4,buyer-release-final/source-tree/crates/core/tests/distributed_integration.rs;buyer-release/source-tree/crates/core/tests/distributed_integration.rs
CANONICAL-REPO,sniper-suite/crates/core/tests/storage_lifecycle.rs,6464,191,N,N,06b56106c9b1afe49c848baacfac895f9a1ed91079248e637d59fa09b0523a13,buyer-release-final/source-tree/crates/core/tests/storage_lifecycle.rs;buyer-release/source-tree/crates/core/tests/storage_lifecycle.rs
CANONICAL-REPO,sniper-suite/crates/module-copy/Cargo.toml,801,34,N,N,3245adf45276369d9c5ff2a64886829ac333a908c9297a9e3a11494dde49a0ba,buyer-release-final/source-tree/crates/module-copy/Cargo.toml;buyer-release/source-tree/crates/module-copy/Cargo.toml
CANONICAL-REPO,sniper-suite/crates/module-copy/src/exit.rs,18689,520,N,N,2df596fe1a63db304251bae2bf5dd8c0106bca1723082c8cb3e8398d1da5c3b8,buyer-release-final/source-tree/crates/module-copy/src/exit.rs;buyer-release/source-tree/crates/module-copy/src/exit.rs
CANONICAL-REPO,sniper-suite/crates/module-copy/src/feeds.rs,22496,612,N,N,1d485996710f610e58b4477b472e877622252427c72b2c72673d6dab82ea7c1d,buyer-release-final/source-tree/crates/module-copy/src/feeds.rs;buyer-release/source-tree/crates/module-copy/src/feeds.rs
CANONICAL-REPO,sniper-suite/crates/module-copy/src/lib.rs,8676,240,N,N,71f05b51c37a327e097ab9e896603bc92c110c95e3459d05e0ba9168d3505d1c,buyer-release-final/source-tree/crates/module-copy/src/lib.rs;buyer-release/source-tree/crates/module-copy/src/lib.rs
CANONICAL-REPO,sniper-suite/crates/module-copy/src/mirror.rs,27310,775,N,N,35ee11bddf4d1cd9eb4c1ecae417f17f6ca66f79159c3a2620d95d5fcd3f1405,buyer-release-final/source-tree/crates/module-copy/src/mirror.rs;buyer-release/source-tree/crates/module-copy/src/mirror.rs
CANONICAL-REPO,sniper-suite/crates/module-copy/tests/copy_feed.rs,6136,173,N,N,17a93942aeaa8b00394681b50fe7a69104348b5e3b7795f4d2642bf52060ca66,buyer-release-final/source-tree/crates/module-copy/tests/copy_feed.rs;buyer-release/source-tree/crates/module-copy/tests/copy_feed.rs
CANONICAL-REPO,sniper-suite/crates/module-copy/tests/geyser_feed.rs,12290,327,N,N,413968305fb359f00f867bacfe37ac098760c32dc7f247cd326aa392c7279165,buyer-release-final/source-tree/crates/module-copy/tests/geyser_feed.rs;buyer-release/source-tree/crates/module-copy/tests/geyser_feed.rs
CANONICAL-REPO,sniper-suite/crates/module-copy/tests/two_replica_mirror.rs,7305,196,N,N,7b6a042eec568c9cd21cbe5730d33275dddb148d0b09de2c3ded46d8a82a2ef3,buyer-release-final/source-tree/crates/module-copy/tests/two_replica_mirror.rs;buyer-release/source-tree/crates/module-copy/tests/two_replica_mirror.rs
CANONICAL-REPO,sniper-suite/crates/module-sniper/Cargo.toml,914,34,N,N,727cd9973e0d2827624d60b0ee0761385e5858f2a6d0ca7ba06409fd2c1fec0c,buyer-release-final/source-tree/crates/module-sniper/Cargo.toml;buyer-release/source-tree/crates/module-sniper/Cargo.toml
CANONICAL-REPO,sniper-suite/crates/module-sniper/src/detect.rs,21158,541,N,N,0d6481db880d95165aa165e92242d07a0300f2679cfb659d92247ec14d0d40c6,buyer-release-final/source-tree/crates/module-sniper/src/detect.rs;buyer-release/source-tree/crates/module-sniper/src/detect.rs
CANONICAL-REPO,sniper-suite/crates/module-sniper/src/entry.rs,24543,633,N,N,841600354285b8345bf143189e332682b0b063bd0714357b854b679e6189ca93,buyer-release-final/source-tree/crates/module-sniper/src/entry.rs;buyer-release/source-tree/crates/module-sniper/src/entry.rs
CANONICAL-REPO,sniper-suite/crates/module-sniper/src/exit.rs,19046,489,N,N,acd9e036ffaa6b3ef7c5e2b48d6a358cdaabef04cf6865dec9ffa2915dd67390,buyer-release-final/source-tree/crates/module-sniper/src/exit.rs;buyer-release/source-tree/crates/module-sniper/src/exit.rs
CANONICAL-REPO,sniper-suite/crates/module-sniper/src/lib.rs,18779,484,N,N,ec786dd48029b250d07f41a7b7a582f8935f6fb7b259158e88642fcdf7648c2b,buyer-release-final/source-tree/crates/module-sniper/src/lib.rs;buyer-release/source-tree/crates/module-sniper/src/lib.rs
CANONICAL-REPO,sniper-suite/crates/module-sniper/tests/detect_feed.rs,5304,148,N,N,2eab0fdf30b8b0d4ceb8f1055797cc77bf2391739e0a8b2abfb790fa8ebdadc3,buyer-release-final/source-tree/crates/module-sniper/tests/detect_feed.rs;buyer-release/source-tree/crates/module-sniper/tests/detect_feed.rs
CANONICAL-REPO,sniper-suite/crates/module-sniper/tests/geyser_detect.rs,12430,319,N,N,118bd97711f722db393b67a9437609a5098e9b1dc5671a1f3ceeb52bc9be21ab,buyer-release-final/source-tree/crates/module-sniper/tests/geyser_detect.rs;buyer-release/source-tree/crates/module-sniper/tests/geyser_detect.rs
CANONICAL-REPO,sniper-suite/crates/module-polymarket/Cargo.toml,1035,42,N,N,94be538e334eda25a3463ef2b46b5ab45d94b61ee8932f8b5a5a2ddd6d20fa9a,buyer-release-final/source-tree/crates/module-polymarket/Cargo.toml;buyer-release/source-tree/crates/module-polymarket/Cargo.toml
CANONICAL-REPO,sniper-suite/crates/module-polymarket/src/auth.rs,8768,245,N,N,550c9433eeb82409bd3fd4492fffa28f27a968478b78af78f6e7feebadcca440,buyer-release-final/source-tree/crates/module-polymarket/src/auth.rs;buyer-release/source-tree/crates/module-polymarket/src/auth.rs
CANONICAL-REPO,sniper-suite/crates/module-polymarket/src/clob.rs,18831,558,N,N,efbd80eaaf872440321d3577f977f2c0214e2383f3a18cbd31f4dc9a7fd37782,buyer-release-final/source-tree/crates/module-polymarket/src/clob.rs;buyer-release/source-tree/crates/module-polymarket/src/clob.rs
CANONICAL-REPO,sniper-suite/crates/module-polymarket/src/collateral.rs,16867,411,N,N,ccbc07fc7b3357ef2b769e205b36a2a51546a227f3e81c6a7b6899d0443f7370,buyer-release-final/source-tree/crates/module-polymarket/src/collateral.rs;buyer-release/source-tree/crates/module-polymarket/src/collateral.rs
CANONICAL-REPO,sniper-suite/crates/module-polymarket/src/ctf.rs,14127,345,N,N,69484a0d429b7954f03c57c4a49d58f1f15f7fc9370221a88e829c005a317b6a,buyer-release-final/source-tree/crates/module-polymarket/src/ctf.rs;buyer-release/source-tree/crates/module-polymarket/src/ctf.rs
CANONICAL-REPO,sniper-suite/crates/module-polymarket/src/eip712.rs,17763,473,N,N,4d8f2e524980c7c36b8a08895f7573531bc8cfe44afc3b778d769c6d808c0179,buyer-release-final/source-tree/crates/module-polymarket/src/eip712.rs;buyer-release/source-tree/crates/module-polymarket/src/eip712.rs
CANONICAL-REPO,sniper-suite/crates/module-polymarket/src/error.rs,5444,145,N,N,4e86703bcc76a0c8eb40915cd32ea16aed120d7df7c70525c35811c7a76480d7,buyer-release-final/source-tree/crates/module-polymarket/src/error.rs;buyer-release/source-tree/crates/module-polymarket/src/error.rs
CANONICAL-REPO,sniper-suite/crates/module-polymarket/src/gamma.rs,11409,329,N,N,2f5051ed90e69115dfeb1cfc64326475e82c3d2ae00bce59c5b2a51947e50de6,buyer-release-final/source-tree/crates/module-polymarket/src/gamma.rs;buyer-release/source-tree/crates/module-polymarket/src/gamma.rs
CANONICAL-REPO,sniper-suite/crates/module-polymarket/src/lib.rs,46575,1162,N,N,83d491670dad88eb0b939e3fba0786863e0fee1b79486c7636d8053c8af2d23b,buyer-release-final/source-tree/crates/module-polymarket/src/lib.rs;buyer-release/source-tree/crates/module-polymarket/src/lib.rs
CANONICAL-REPO,sniper-suite/crates/module-polymarket/src/orders.rs,15777,422,N,N,a11558f6ab57ea8145b521d7e84baf01435b0baa124d95cc55ca26d27fe0d78a,buyer-release-final/source-tree/crates/module-polymarket/src/orders.rs;buyer-release/source-tree/crates/module-polymarket/src/orders.rs
CANONICAL-REPO,sniper-suite/crates/module-polymarket/src/strategy.rs,10394,314,N,N,18b40e76b9c73b1c63fd06996e3889fc50b6b9a2d55578c665a81fe9920ede6d,buyer-release-final/source-tree/crates/module-polymarket/src/strategy.rs;buyer-release/source-tree/crates/module-polymarket/src/strategy.rs
CANONICAL-REPO,sniper-suite/crates/module-polymarket/src/ws.rs,6878,182,N,N,58497aacc8dac1564d495852879a0274573b840bf574b19fba74e56680470a77,buyer-release-final/source-tree/crates/module-polymarket/src/ws.rs;buyer-release/source-tree/crates/module-polymarket/src/ws.rs
CANONICAL-REPO,sniper-suite/crates/module-polymarket/tests/mock_clob_gamma.rs,16294,472,N,N,9b8323802f8e23b920d322c472d28c17cd56351dc58d25c779518ec7d0b6cc1d,buyer-release-final/source-tree/crates/module-polymarket/tests/mock_clob_gamma.rs;buyer-release/source-tree/crates/module-polymarket/tests/mock_clob_gamma.rs
CANONICAL-REPO,sniper-suite/crates/module-telegram/Cargo.toml,638,26,N,N,7ab3802d71bb220c4c2d68e3804029ade4e7e1cfa11a8352ca39eaffe6aea0f6,buyer-release-final/source-tree/crates/module-telegram/Cargo.toml;buyer-release/source-tree/crates/module-telegram/Cargo.toml
CANONICAL-REPO,sniper-suite/crates/module-telegram/src/alerts.rs,7280,190,N,N,0e4d7747183b495acd25d43b545616d1c4506ef6122f73efec5cfa3d6e04d5fc,buyer-release-final/source-tree/crates/module-telegram/src/alerts.rs;buyer-release/source-tree/crates/module-telegram/src/alerts.rs
CANONICAL-REPO,sniper-suite/crates/module-telegram/src/api.rs,14311,411,N,N,238e74a913e3937415ae52ada3d59f952b3f1fb1f023d38bfadf2e0afa3e3d32,buyer-release-final/source-tree/crates/module-telegram/src/api.rs;buyer-release/source-tree/crates/module-telegram/src/api.rs
CANONICAL-REPO,sniper-suite/crates/module-telegram/src/commands.rs,22082,623,N,N,e604f8fb2b3089ad2f19c3f9dddd98ab909d83f780452f3599bc7e2ff1167494,buyer-release-final/source-tree/crates/module-telegram/src/commands.rs;buyer-release/source-tree/crates/module-telegram/src/commands.rs
CANONICAL-REPO,sniper-suite/crates/module-telegram/src/lib.rs,8888,262,N,N,78a18a040be9a9a7c35e41981fd1872d11a16dddd74584eae9414643bce36f57,buyer-release-final/source-tree/crates/module-telegram/src/lib.rs;buyer-release/source-tree/crates/module-telegram/src/lib.rs
CANONICAL-REPO,sniper-suite/crates/server/Cargo.toml,992,39,N,N,531b80e3c47a44094a5d5dd6ef654295419ac47d6d19423fbb14c9dad258d331,buyer-release-final/source-tree/crates/server/Cargo.toml;buyer-release/source-tree/crates/server/Cargo.toml
CANONICAL-REPO,sniper-suite/crates/server/src/api.rs,49390,1437,N,N,bceedbb2b61b44c13eb1b33396a41bc08bd48040e91a7532519a90a960111c89,buyer-release-final/source-tree/crates/server/src/api.rs;buyer-release/source-tree/crates/server/src/api.rs
CANONICAL-REPO,sniper-suite/crates/server/src/dashboard.rs,13556,241,N,N,3e7145e2605079d22489251ca1a3d0dfc110c67391da84ec451978e39f7d8a23,buyer-release-final/source-tree/crates/server/src/dashboard.rs;buyer-release/source-tree/crates/server/src/dashboard.rs
CANONICAL-REPO,sniper-suite/crates/server/src/main.rs,48530,1243,N,N,2b4d217f6caca0ca715463909a37739fff3a6afccfe1b80bb3b7964a28ef1adc,buyer-release-final/source-tree/crates/server/src/main.rs;buyer-release/source-tree/crates/server/src/main.rs
CANONICAL-REPO,sniper-suite/crates/server/src/obs.rs,32897,920,N,N,8b46ed195ed70fb0e08b6e0f6edcc43ab77537e37b7bdbef7c467be2e8679e86,buyer-release-final/source-tree/crates/server/src/obs.rs;buyer-release/source-tree/crates/server/src/obs.rs
CANONICAL-REPO,sniper-suite/crates/server/src/persist.rs,23907,624,N,N,9d37679283bd3f18d3fcb4b43fd67ccea6ddbb056a1ee8e8de8ee7804b2503ad,buyer-release-final/source-tree/crates/server/src/persist.rs;buyer-release/source-tree/crates/server/src/persist.rs
CANONICAL-REPO,sniper-suite/crates/server/src/recon.rs,38865,942,N,N,a536092fe51f10a5a09b27ea67ef13f34641d58f68ca20fba7aeed5e0044d639,buyer-release-final/source-tree/crates/server/src/recon.rs;buyer-release/source-tree/crates/server/src/recon.rs
CANONICAL-REPO,sniper-suite/crates/server/src/ws.rs,906,32,N,N,9266600950b4cc7fa10a2dacd132454de03524eee1381c159bc405e22a7db2ae,buyer-release-final/source-tree/crates/server/src/ws.rs;buyer-release/source-tree/crates/server/src/ws.rs
CANONICAL-REPO,sniper-suite/crates/solana-kit/Cargo.toml,1275,46,N,N,b5532bfc2777a584954bdb2e342323487cf4ddf8506add3919df761d1644aea2,buyer-release-final/source-tree/crates/solana-kit/Cargo.toml;buyer-release/source-tree/crates/solana-kit/Cargo.toml
CANONICAL-REPO,sniper-suite/crates/solana-kit/src/cache.rs,11028,323,N,N,a1972eec2ef0570af76787cb97e608bf1ba50c7f28a7e8eb164b3361c989b9f9,buyer-release-final/source-tree/crates/solana-kit/src/cache.rs;buyer-release/source-tree/crates/solana-kit/src/cache.rs
CANONICAL-REPO,sniper-suite/crates/solana-kit/src/consts.rs,27977,578,N,N,68e21efe2492c0e4e6cd8533c4dfd497ce6cb53776efde03760b7577750677a1,buyer-release-final/source-tree/crates/solana-kit/src/consts.rs;buyer-release/source-tree/crates/solana-kit/src/consts.rs
CANONICAL-REPO,sniper-suite/crates/solana-kit/src/decode.rs,44537,1266,N,N,7f3ebb5d8137d660bb283c38596ec0d8c5397662311d3d300edb0ba011a27b0d,buyer-release-final/source-tree/crates/solana-kit/src/decode.rs;buyer-release/source-tree/crates/solana-kit/src/decode.rs
CANONICAL-REPO,sniper-suite/crates/solana-kit/src/events.rs,40372,1273,N,N,ffb977b902792855f10c3c212f3bd48532b638e0cae4096527a11a9e1bd81e90,buyer-release-final/source-tree/crates/solana-kit/src/events.rs;buyer-release/source-tree/crates/solana-kit/src/events.rs
CANONICAL-REPO,sniper-suite/crates/solana-kit/src/execute.rs,50514,1396,N,N,f2ecceee5153d5625d09ff6ef00ab7a1a0fe6c3e00ab102dc4d48274b71a1b9f,buyer-release-final/source-tree/crates/solana-kit/src/execute.rs;buyer-release/source-tree/crates/solana-kit/src/execute.rs
CANONICAL-REPO,sniper-suite/crates/solana-kit/src/jupiter.rs,30682,873,N,N,2b5b869bd8363c00c3b80919245ded8a538ffa5c96c504739b92174fcc8bfb40,buyer-release-final/source-tree/crates/solana-kit/src/jupiter.rs;buyer-release/source-tree/crates/solana-kit/src/jupiter.rs
CANONICAL-REPO,sniper-suite/crates/solana-kit/src/layout.rs,13387,371,N,N,9fe220bc887f3aaafa7d8ad4e3bdcedf30e062c33c4f2ccdc5180eb62a029e36,buyer-release-final/source-tree/crates/solana-kit/src/layout.rs;buyer-release/source-tree/crates/solana-kit/src/layout.rs
CANONICAL-REPO,sniper-suite/crates/solana-kit/src/lib.rs,2223,55,N,N,2193889bf16786b09b6ce4fbe6fd9c156a84025a11c500325a99a03de4cf0c89,buyer-release-final/source-tree/crates/solana-kit/src/lib.rs;buyer-release/source-tree/crates/solana-kit/src/lib.rs
CANONICAL-REPO,sniper-suite/crates/solana-kit/src/pump.rs,55131,1357,N,N,6a2b780617a8806607db6c4e1ee2e58178972c9e535e4898a1064062d5276779,buyer-release-final/source-tree/crates/solana-kit/src/pump.rs;buyer-release/source-tree/crates/solana-kit/src/pump.rs
CANONICAL-REPO,sniper-suite/crates/solana-kit/src/pumpportal.rs,34498,998,N,N,055c0aa6e53bea6ffd64f2ddfe6edc86b325c59d19bfa45eb829f581dd764f41,buyer-release-final/source-tree/crates/solana-kit/src/pumpportal.rs;buyer-release/source-tree/crates/solana-kit/src/pumpportal.rs
CANONICAL-REPO,sniper-suite/crates/solana-kit/src/pumpswap.rs,57326,1547,N,N,3d84237cb0336be5e3e660b0ae759e92c1fbe80d8b7d6838f8f74722cf82c555,buyer-release-final/source-tree/crates/solana-kit/src/pumpswap.rs;buyer-release/source-tree/crates/solana-kit/src/pumpswap.rs
CANONICAL-REPO,sniper-suite/crates/solana-kit/src/raydium.rs,48262,1236,N,N,2798a141932ab207569b9180d6ce050eb80631322ad6a6bf44c0ca433b107441,buyer-release-final/source-tree/crates/solana-kit/src/raydium.rs;buyer-release/source-tree/crates/solana-kit/src/raydium.rs
CANONICAL-REPO,sniper-suite/crates/solana-kit/src/rpc.rs,38923,1076,N,N,07819645d2d4fa05039cd6f1327b571558d435d5d7c5efe16363a5cb55a4aab8,buyer-release-final/source-tree/crates/solana-kit/src/rpc.rs;buyer-release/source-tree/crates/solana-kit/src/rpc.rs
CANONICAL-REPO,sniper-suite/crates/solana-kit/src/signer.rs,24684,669,N,N,9ccdd876455f965f29473025a193f43c0272b69e059f6255594a6e2002dc0542,buyer-release-final/source-tree/crates/solana-kit/src/signer.rs;buyer-release/source-tree/crates/solana-kit/src/signer.rs
CANONICAL-REPO,sniper-suite/crates/solana-kit/src/tokens.rs,20896,556,N,N,1ced1e6876ab65353edfe00a228afb4c56e1d1959dff0f0340ac227b3a726f53,buyer-release-final/source-tree/crates/solana-kit/src/tokens.rs;buyer-release/source-tree/crates/solana-kit/src/tokens.rs
CANONICAL-REPO,sniper-suite/crates/solana-kit/src/tx.rs,38669,1053,N,N,345c446c2f1660192c0e7fee4557008b64f1f14228e3e00417925ff25d732f67,buyer-release-final/source-tree/crates/solana-kit/src/tx.rs;buyer-release/source-tree/crates/solana-kit/src/tx.rs
CANONICAL-REPO,sniper-suite/crates/solana-kit/src/ws.rs,39894,1139,N,N,d7e82915f8efb0e4a7355e163128afec82c5cf90e2ccb354a1cd7eb441929bc4,buyer-release-final/source-tree/crates/solana-kit/src/ws.rs;buyer-release/source-tree/crates/solana-kit/src/ws.rs
CANONICAL-REPO,sniper-suite/crates/solana-kit/tests/devnet_e2e.rs,8774,252,N,N,db0eb6333e5e5785c36af1a9f22900fe90e4126a5912ef9fb34aaa5a1bca5aa7,buyer-release-final/source-tree/crates/solana-kit/tests/devnet_e2e.rs;buyer-release/source-tree/crates/solana-kit/tests/devnet_e2e.rs
CANONICAL-REPO,sniper-suite/crates/solana-kit/tests/latency_bench.rs,21159,577,N,N,4d7b75871c216b3102fdcf7d6555c41163d3698aa74bfc856c07d72b9977b92e,buyer-release-final/source-tree/crates/solana-kit/tests/latency_bench.rs;buyer-release/source-tree/crates/solana-kit/tests/latency_bench.rs
CANONICAL-REPO,sniper-suite/crates/solana-kit/tests/mock_pumpportal.rs,11079,325,N,N,d9783d6af4fdc7430ae346f22b5ba58e4097720469fa947589f46eb97e84e888,buyer-release-final/source-tree/crates/solana-kit/tests/mock_pumpportal.rs;buyer-release/source-tree/crates/solana-kit/tests/mock_pumpportal.rs
CANONICAL-REPO,sniper-suite/crates/solana-kit/tests/recon_crash_e2e.rs,13178,362,N,N,323c0844b1f52031ff9d36dd3adc649b742b087187a3f99d37e43bda0ca596d7,buyer-release-final/source-tree/crates/solana-kit/tests/recon_crash_e2e.rs;buyer-release/source-tree/crates/solana-kit/tests/recon_crash_e2e.rs
CANONICAL-REPO,sniper-suite/docs/ACCEPTANCE-CHECKLIST.md,7447,135,N,N,267aec5e1a44c1d3c1812050baa450f943d7b1f822aab4c844d500d8cae0467f,buyer-release-final/docs/ACCEPTANCE-CHECKLIST.md;buyer-release-final/source-tree/docs/ACCEPTANCE-CHECKLIST.md;buyer-release/docs/ACCEPTANCE-CHECKLIST.md (+1 more)
CANONICAL-REPO,sniper-suite/docs/API.md,5081,109,N,N,4a02c0b00f60881a9b0b063fc9120a720a667aaa41b85482125389793f4f75a4,buyer-release-final/docs/API.md;buyer-release-final/source-tree/docs/API.md;buyer-release/docs/API.md (+1 more)
CANONICAL-REPO,sniper-suite/docs/ARCHITECTURE.md,6555,101,N,N,86951393588459b3ea923825dd5118669cffcde4950ab38a734d334f28709a39,buyer-release-final/docs/ARCHITECTURE.md;buyer-release-final/source-tree/docs/ARCHITECTURE.md;buyer-release/docs/ARCHITECTURE.md (+1 more)
CANONICAL-REPO,sniper-suite/docs/ARCHIVE-CHECKLIST.md,5216,106,N,N,cb970bb75c8042c77bbf4a7176a774609f55fc84a749f38fe8ea1608324be2aa,buyer-release-final/docs/ARCHIVE-CHECKLIST.md;buyer-release-final/source-tree/docs/ARCHIVE-CHECKLIST.md;buyer-release/docs/ARCHIVE-CHECKLIST.md (+1 more)
CANONICAL-REPO,sniper-suite/docs/BACKUP-RESTORE.md,6554,130,N,N,3c15125c97ba42771f8223a6dc8ad8ae1a935b8b8df7bf2a9c3d6a274dad4df1,buyer-release-final/docs/BACKUP-RESTORE.md;buyer-release-final/source-tree/docs/BACKUP-RESTORE.md;buyer-release/docs/BACKUP-RESTORE.md (+1 more)
CANONICAL-REPO,sniper-suite/docs/BUYER-ACCEPTANCE-TEST.md,17932,266,N,N,c77ff99c5c4bbb1161b29e8f7b88440b9cfe0fe07d2d2900b0c30add2d141642,buyer-release-final/docs/BUYER-ACCEPTANCE-TEST.md;buyer-release-final/source-tree/docs/BUYER-ACCEPTANCE-TEST.md
CANONICAL-REPO,sniper-suite/docs/BUYER-DEPLOYMENT.md,9194,207,N,N,49bc417e3fd3c66ba48099defdd538e973c7abd6cf6bbbc02cdbdb8d16423d54,buyer-release-final/docs/BUYER-DEPLOYMENT.md;buyer-release-final/source-tree/docs/BUYER-DEPLOYMENT.md;buyer-release/docs/BUYER-DEPLOYMENT.md (+1 more)
CANONICAL-REPO,sniper-suite/docs/BUYER-DUE-DILIGENCE.md,10973,98,N,N,12e4067647dd9c4c3f75600d8cd389c5abd19d43f7a8bc8ce65be571b60c27a7,buyer-release-final/docs/BUYER-DUE-DILIGENCE.md;buyer-release-final/source-tree/docs/BUYER-DUE-DILIGENCE.md;buyer-release/docs/BUYER-DUE-DILIGENCE.md (+1 more)
CANONICAL-REPO,sniper-suite/docs/BUYER-FAQ.md,9165,161,N,N,6e8d33950c5469fa94b2e767094883e10d3eec9067ff2112931a3111b46b7715,buyer-release-final/docs/BUYER-FAQ.md;buyer-release-final/source-tree/docs/BUYER-FAQ.md;buyer-release/docs/BUYER-FAQ.md (+1 more)
CANONICAL-REPO,sniper-suite/docs/BUYER-OVERVIEW.md,12951,225,N,N,f47ab17528c5c952c2c98e3ee755e441d6a9058079b14e0e1b1af5ae121fa04d,buyer-release-final/docs/BUYER-OVERVIEW.md;buyer-release-final/source-tree/docs/BUYER-OVERVIEW.md;buyer-release/docs/BUYER-OVERVIEW.md (+1 more)
CANONICAL-REPO,sniper-suite/docs/BUYER-QUICKSTART.md,7881,221,N,N,f4b07c1be1936ee9b23854a5697bf4b3bbd08236ec3c808aaee43f22d2f94046,buyer-release-final/docs/BUYER-QUICKSTART.md;buyer-release-final/source-tree/docs/BUYER-QUICKSTART.md;buyer-release/docs/BUYER-QUICKSTART.md (+1 more)
CANONICAL-REPO,sniper-suite/docs/BUYER-REPRODUCTION-GUIDE.md,10566,265,N,N,bca076b059c76448eae042acdb37869cbf098dc3fa2f0f60f51b19da4255c27c,buyer-release-final/docs/BUYER-REPRODUCTION-GUIDE.md;buyer-release-final/source-tree/docs/BUYER-REPRODUCTION-GUIDE.md
CANONICAL-REPO,sniper-suite/docs/BUYER-RISK-REGISTER.md,9083,42,N,N,63ea3fe9c8c5d484e1578bd14d24611819f7c402bc5f4c7e697f36e39093364d,buyer-release-final/docs/BUYER-RISK-REGISTER.md;buyer-release-final/source-tree/docs/BUYER-RISK-REGISTER.md;buyer-release/docs/BUYER-RISK-REGISTER.md (+1 more)
CANONICAL-REPO,sniper-suite/docs/CAPABILITY-MATRIX.md,12711,66,N,N,6fd356c24fc2c9a04250c1efa8fd263cd593f6e8b04ce6a0e7898d3a2612fdda,buyer-release-final/docs/CAPABILITY-MATRIX.md;buyer-release-final/source-tree/docs/CAPABILITY-MATRIX.md;buyer-release/docs/CAPABILITY-MATRIX.md (+1 more)
CANONICAL-REPO,sniper-suite/docs/CI-LOCAL-EQUIVALENCE.md,5097,66,N,N,82480503990541af20be3057c00aaf83b157c4ca63e3cfa51c89a0116252d36b,buyer-release-final/ci/CI-LOCAL-EQUIVALENCE.md;buyer-release-final/docs/CI-LOCAL-EQUIVALENCE.md;buyer-release-final/source-tree/docs/CI-LOCAL-EQUIVALENCE.md (+3 more)
CANONICAL-REPO,sniper-suite/docs/DELIVERY-MANIFEST.md,11209,115,N,N,966e9e5a168120c145a71fbcacc4e8fb368089d020a18de216b9920271216d0f,buyer-release-final/docs/DELIVERY-MANIFEST.md;buyer-release-final/source-tree/docs/DELIVERY-MANIFEST.md
CANONICAL-REPO,sniper-suite/docs/DEMO-RUNBOOK.md,10889,220,N,N,0cd36f64d3e964828e6fc1911f3f68d51a9b29d10a99cc07d90b5f95fa430b08,buyer-release-final/docs/DEMO-RUNBOOK.md;buyer-release-final/source-tree/docs/DEMO-RUNBOOK.md;buyer-release/docs/DEMO-RUNBOOK.md (+1 more)
CANONICAL-REPO,sniper-suite/docs/DEPLOYMENT.md,4327,98,N,N,736d427563c0a168ffd3f7ac365ade133e61b1f62c3d16748285e1fd8a70bbdd,buyer-release-final/docs/DEPLOYMENT.md;buyer-release-final/source-tree/docs/DEPLOYMENT.md;buyer-release/docs/DEPLOYMENT.md (+1 more)
CANONICAL-REPO,sniper-suite/docs/DISTRIBUTED.md,21861,350,N,N,e2dd1eaf0597b44ce6b073ad1533bfd766491ee619dc10b9a436f4e3fdf2a8d7,buyer-release-final/docs/DISTRIBUTED.md;buyer-release-final/source-tree/docs/DISTRIBUTED.md;buyer-release/docs/DISTRIBUTED.md (+1 more)
CANONICAL-REPO,sniper-suite/docs/EVIDENCE-INDEX.md,14286,115,N,N,ccf0a97874adface1e67ad501c47faf919d340b4529a1b729900c8fd26d9a1aa,buyer-release-final/docs/EVIDENCE-INDEX.md;buyer-release-final/source-tree/docs/EVIDENCE-INDEX.md
CANONICAL-REPO,sniper-suite/docs/FEATURE-TRACEABILITY.md,13490,111,N,N,27fee1a5408b98fe26aa814469b50aba733a0e12c8592cee918163b49b1be5d0,buyer-release-final/docs/FEATURE-TRACEABILITY.md;buyer-release-final/source-tree/docs/FEATURE-TRACEABILITY.md
CANONICAL-REPO,sniper-suite/docs/FINAL-DELIVERY.md,14177,226,N,N,92448f843d85b07626fed1cb27d1dce02b45c83b7c81a088fe520ae081dc569a,buyer-release-final/docs/FINAL-DELIVERY.md;buyer-release-final/source-tree/docs/FINAL-DELIVERY.md;buyer-release/docs/FINAL-DELIVERY.md (+1 more)
CANONICAL-REPO,sniper-suite/docs/FINAL-INCIDENT-RUNBOOK.md,12364,251,N,N,fc90fc45b2f7d0ad6d248ac0f3040b4ce9c9573b10ff83b7c79ec2638467babd,buyer-release-final/docs/FINAL-INCIDENT-RUNBOOK.md;buyer-release-final/source-tree/docs/FINAL-INCIDENT-RUNBOOK.md
CANONICAL-REPO,sniper-suite/docs/FINAL-IP-AND-THIRD-PARTY-INVENTORY.md,7489,101,N,N,3125ecbfeffc1d68c79ef0667b7199514ee0236010074e5ced5df76271c0c2e2,buyer-release-final/docs/FINAL-IP-AND-THIRD-PARTY-INVENTORY.md;buyer-release-final/source-tree/docs/FINAL-IP-AND-THIRD-PARTY-INVENTORY.md
CANONICAL-REPO,sniper-suite/docs/FINAL-KNOWN-LIMITATIONS.md,6508,119,N,N,ec71e66757c57c09d68c75fa91bd17a1abcfcef6969a743ab7eaece9c112527b,buyer-release-final/docs/FINAL-KNOWN-LIMITATIONS.md;buyer-release-final/source-tree/docs/FINAL-KNOWN-LIMITATIONS.md
CANONICAL-REPO,sniper-suite/docs/FINAL-OPERATIONS-HANDOVER.md,9852,188,N,N,b9d0ad24289d516e69ed6db4ecac185a0c7cec5f69f82ffe856f9356ca9e182b,buyer-release-final/docs/FINAL-OPERATIONS-HANDOVER.md;buyer-release-final/source-tree/docs/FINAL-OPERATIONS-HANDOVER.md
CANONICAL-REPO,sniper-suite/docs/FINAL-RELEASE-AUDIT.md,16926,194,N,N,62e8a9e08eebc5f4456412ae417a8b78733b81d43080141ec978e9e7e95b9d37,buyer-release-final/docs/FINAL-RELEASE-AUDIT.md;buyer-release-final/source-tree/docs/FINAL-RELEASE-AUDIT.md
CANONICAL-REPO,sniper-suite/docs/HANDOVER.md,9300,165,N,N,d0f4cabbb4a9d336686e7adc235e74c4ac4b60b946e961a3585ec3714598206c,buyer-release-final/docs/HANDOVER.md;buyer-release-final/source-tree/docs/HANDOVER.md;buyer-release/docs/HANDOVER.md (+1 more)
CANONICAL-REPO,sniper-suite/docs/IP-COMPONENTS.md,13801,259,N,N,d2e3e43dfc29e0278fff6fedbd1d6239b55632a2f1ee865f14d0432883c2ee12,buyer-release-final/docs/IP-COMPONENTS.md;buyer-release-final/source-tree/docs/IP-COMPONENTS.md;buyer-release/docs/IP-COMPONENTS.md (+1 more)
CANONICAL-REPO,sniper-suite/docs/LIVE-VALIDATION.md,7882,174,N,N,9eece8b46e2d08d1c05dd4e26e995f23aa44a6f2132b3153ddd048f9e09075d2,buyer-release-final/docs/LIVE-VALIDATION.md;buyer-release-final/source-tree/docs/LIVE-VALIDATION.md;buyer-release/docs/LIVE-VALIDATION.md (+1 more)
CANONICAL-REPO,sniper-suite/docs/MODULES.md,6239,115,N,N,e7206730e2449a8100e92e802fa853ba1eb082fd84e9d7132c604d57db6ad5c6,buyer-release-final/docs/MODULES.md;buyer-release-final/source-tree/docs/MODULES.md;buyer-release/docs/MODULES.md (+1 more)
CANONICAL-REPO,sniper-suite/docs/OPERATIONS.md,5741,125,N,N,03347d3af66108a976344499b5fb96eee04c257ca2d688c8d892453aeb2f5088,buyer-release-final/docs/OPERATIONS.md;buyer-release-final/source-tree/docs/OPERATIONS.md;buyer-release/docs/OPERATIONS.md (+1 more)
CANONICAL-REPO,sniper-suite/docs/RECONCILIATION.md,23013,379,N,N,dc339ab78919268d3df213333750d1a1f9edb12e6f12692d84b6e2fe564cf275,buyer-release-final/docs/RECONCILIATION.md;buyer-release-final/source-tree/docs/RECONCILIATION.md;buyer-release/docs/RECONCILIATION.md (+1 more)
CANONICAL-REPO,sniper-suite/docs/RELEASE-NOTES-0.1.0.md,6340,112,N,N,8659c884dd7ed4340bc8b63c7535128873eec08aeac0c980438d3528582bdca5,buyer-release-final/docs/RELEASE-NOTES-0.1.0.md;buyer-release-final/source-tree/docs/RELEASE-NOTES-0.1.0.md;buyer-release/docs/RELEASE-NOTES-0.1.0.md (+1 more)
CANONICAL-REPO,sniper-suite/docs/RELEASE.md,7644,140,N,N,c04417bd77ae2f857f1301f6b2d4f7c909433f8e7008bcbe2deba67b610ff20f,buyer-release-final/docs/RELEASE.md;buyer-release-final/source-tree/docs/RELEASE.md;buyer-release/docs/RELEASE.md (+1 more)
CANONICAL-REPO,sniper-suite/docs/REPOSITORY-MAP.md,14317,214,N,N,f01ac103e72a679ec49535862d7e7d68a6fef762d2c0b13c2895cee7cc750a38,buyer-release-final/docs/REPOSITORY-MAP.md;buyer-release-final/source-tree/docs/REPOSITORY-MAP.md
CANONICAL-REPO,sniper-suite/docs/SCOPE-BOUNDARY.md,5393,99,N,N,848089c2474124d93a90b4aadc89f32207feca836cc9d1c579977acc6ab1ab59,buyer-release-final/docs/SCOPE-BOUNDARY.md;buyer-release-final/source-tree/docs/SCOPE-BOUNDARY.md;buyer-release/docs/SCOPE-BOUNDARY.md (+1 more)
CANONICAL-REPO,sniper-suite/docs/SECURITY-BOUNDARY-MAP.md,10619,187,N,N,d03bf2ada88ba989f7096e13294415b9fe8b69fd66b533a6cc94f32c9bbd9867,buyer-release-final/docs/SECURITY-BOUNDARY-MAP.md;buyer-release-final/source-tree/docs/SECURITY-BOUNDARY-MAP.md
CANONICAL-REPO,sniper-suite/docs/SECURITY.md,7194,104,N,N,3b9723fa423ae018aa37ae9a91b3cbd1deffe0da8bb75ede269ed929930757ba,buyer-release-final/docs/SECURITY.md;buyer-release-final/source-tree/docs/SECURITY.md;buyer-release/source-tree/docs/SECURITY.md
CANONICAL-REPO,sniper-suite/docs/SELLER-FACT-SHEET.md,8639,163,N,N,679bb3ceb4c98fbfa6af87884ac90246cc90e397bed6adf5d44e70b707d56c10,buyer-release-final/docs/SELLER-FACT-SHEET.md;buyer-release-final/source-tree/docs/SELLER-FACT-SHEET.md;buyer-release/docs/SELLER-FACT-SHEET.md (+1 more)
CANONICAL-REPO,sniper-suite/docs/SELLING-LISTING-SOURCE.md,9175,171,N,N,644a2d772dd639777bd2f316a6465ee103c119bc4cad5240372c571eb4674eb2,buyer-release-final/docs/SELLING-LISTING-SOURCE.md;buyer-release-final/source-tree/docs/SELLING-LISTING-SOURCE.md;buyer-release/docs/SELLING-LISTING-SOURCE.md (+1 more)
CANONICAL-REPO,sniper-suite/docs/STAKING.md,9127,157,N,N,ecf9fc404ff2ad5c1821d6c7d1e76aaf8eefd7706be84a956d52ac406458ed90,buyer-release-final/docs/STAKING.md;buyer-release-final/source-tree/docs/STAKING.md;buyer-release/docs/STAKING.md (+1 more)
CANONICAL-REPO,sniper-suite/docs/SUPPORT-HANDOVER.md,6571,133,N,N,6fe3f35da7cae943177b191efa8841a8273b97ece516f177dc2c349c393353d6,buyer-release-final/docs/SUPPORT-HANDOVER.md;buyer-release-final/source-tree/docs/SUPPORT-HANDOVER.md;buyer-release/docs/SUPPORT-HANDOVER.md (+1 more)
CANONICAL-REPO,sniper-suite/docs/TECHNICAL-DIFFERENTIATORS.md,7796,140,N,N,32f433294114138a56c3098475595fd59f9b1849f477231f26e9bb17a6dc7f6b,buyer-release-final/docs/TECHNICAL-DIFFERENTIATORS.md;buyer-release-final/source-tree/docs/TECHNICAL-DIFFERENTIATORS.md;buyer-release/docs/TECHNICAL-DIFFERENTIATORS.md (+1 more)
CANONICAL-REPO,sniper-suite/docs/TECHNICAL-FACT-SHEET.md,9132,151,N,N,5b849950ace6ef52f3b582305e020178768f39efa225f4ae2c2feb7fd4b10c41,buyer-release-final/docs/TECHNICAL-FACT-SHEET.md;buyer-release-final/source-tree/docs/TECHNICAL-FACT-SHEET.md;buyer-release/docs/TECHNICAL-FACT-SHEET.md (+1 more)
CANONICAL-REPO,sniper-suite/docs/TESTING.md,9849,144,N,N,d8accf370e746902d04972e55dc6488bc457b7714373bfa02b2f864a2ce1ea8c,buyer-release-final/docs/TESTING.md;buyer-release-final/source-tree/docs/TESTING.md;buyer-release/docs/TESTING.md (+1 more)
CANONICAL-REPO,sniper-suite/docs/THIRD-PARTY.md,6339,125,N,N,9110146aa3d39358f5de004e39fe8a972bc79c208dbb21bfba2981c39324d7d1,buyer-release-final/docs/THIRD-PARTY.md;buyer-release-final/source-tree/docs/THIRD-PARTY.md;buyer-release/docs/THIRD-PARTY.md (+1 more)
CANONICAL-REPO,sniper-suite/programs/staking-suite/Cargo.lock,160243,6494,N,N,2a00d2817f5538125459a25b3fa43b504b16bfb774d42f2cc8dbc9824af6a9be,buyer-release-final/source-tree/programs/staking-suite/Cargo.lock;buyer-release/source-tree/programs/staking-suite/Cargo.lock
CANONICAL-REPO,sniper-suite/programs/staking-suite/Cargo.toml,2872,70,N,N,be4209551d916f47b37cea4f1518ab22fd3068d11cc08891a9d8ff9b89683f75,buyer-release-final/source-tree/programs/staking-suite/Cargo.toml;buyer-release/source-tree/programs/staking-suite/Cargo.toml
CANONICAL-REPO,sniper-suite/programs/staking-suite/.cargo/audit.toml,990,21,N,N,bee2b17167ac23ed3b977347619cf39d393c8358c18364485c5ce93f50cedb4e,buyer-release-final/source-tree/programs/staking-suite/.cargo/audit.toml;buyer-release/source-tree/programs/staking-suite/.cargo/audit.toml
CANONICAL-REPO,sniper-suite/programs/staking-suite/.cargo/config.toml,481,9,N,N,71358958972696a1a1ceef586553b0ef83bf843fc1d9f88bedb06658659556cb,buyer-release-final/source-tree/programs/staking-suite/.cargo/config.toml;buyer-release/source-tree/programs/staking-suite/.cargo/config.toml
CANONICAL-REPO,sniper-suite/programs/staking-suite/src/error.rs,7116,197,N,N,85c2a77877cc63224b0544d205ac08e972c77d36ccaad6e8e728135045c636c0,buyer-release-final/source-tree/programs/staking-suite/src/error.rs;buyer-release/source-tree/programs/staking-suite/src/error.rs
CANONICAL-REPO,sniper-suite/programs/staking-suite/src/instruction.rs,22326,602,N,N,e7bb9347c68e5cf0ca5f53d3e96c4a6e15ae8697dc71e6399c677bd904c7cc8d,buyer-release-final/source-tree/programs/staking-suite/src/instruction.rs;buyer-release/source-tree/programs/staking-suite/src/instruction.rs
CANONICAL-REPO,sniper-suite/programs/staking-suite/src/lib.rs,2496,57,N,N,b00b86082413a1f9af069c2336754ea392d8a65dbf698d5277c276d584afc66b,buyer-release-final/source-tree/programs/staking-suite/src/lib.rs;buyer-release/source-tree/programs/staking-suite/src/lib.rs
CANONICAL-REPO,sniper-suite/programs/staking-suite/src/processor.rs,98976,2854,N,N,19ce10aabccd2afc53607c1059057c84459221bec6c77affcaec46ccb6ed0713,buyer-release-final/source-tree/programs/staking-suite/src/processor.rs;buyer-release/source-tree/programs/staking-suite/src/processor.rs
CANONICAL-REPO,sniper-suite/programs/staking-suite/src/state.rs,16909,424,N,N,4d61b7253ccf5c526a7cf40e3464e1ad51b602010eeabde74604686c016984b1,buyer-release-final/source-tree/programs/staking-suite/src/state.rs;buyer-release/source-tree/programs/staking-suite/src/state.rs
CANONICAL-REPO,sniper-suite/programs/staking-suite/tests/validator_e2e.rs,45252,1404,N,N,5da1dcec9b44a2bc2ce5ea2633eff6c44c9a1cb3ebe4e85a5c8a29d5c639f2a5,buyer-release-final/source-tree/programs/staking-suite/tests/validator_e2e.rs;buyer-release/source-tree/programs/staking-suite/tests/validator_e2e.rs
CANONICAL-REPO,sniper-suite/scripts/release-check.sh,8087,181,N,N,4e6e68600c5c79f645a884a801bbac1f180efbf03993b2b6c8bfb2b094b89878,buyer-release-final/deployment/scripts/release-check.sh;buyer-release-final/source-tree/scripts/release-check.sh;buyer-release/deployment/scripts/release-check.sh (+1 more)
CANONICAL-REPO,sniper-suite/scripts/staking-identity.sh,9291,213,N,N,24784b9bbb32dfbddea69e3a9ae2781e8976d894f54da392f2f6bfc78e560a53,buyer-release-final/deployment/scripts/staking-identity.sh;buyer-release-final/source-tree/scripts/staking-identity.sh
CANONICAL-REPO,sniper-suite/scripts/verify-delivery.sh,7062,155,N,N,5b73b1e244ede10c20cd7f1531138a8cac1ef286e38c1b80803ecdd3c4e5b8f3,buyer-release-final/deployment/scripts/verify-delivery.sh;buyer-release-final/source-tree/scripts/verify-delivery.sh;buyer-release/deployment/scripts/verify-delivery.sh (+1 more)
WORKING-TEMP,work/idl_try.json,160724,7681,N,N,2091433899b07d003d98118ae6cd3c628960fd393b40710b6e15bce6d0e7f2d1,work/pump_amm_idl.json
WORKING-TEMP,work/phase8_backup_restore.sh,5605,91,N,N,e16b345e610616cbbf6c63075175f9af7f83155c2e123cc6d2dca1b5a99ed2df,
WORKING-TEMP,work/phase8b_app_startup.sh,2643,52,N,N,7d28fdbebfd6466efcfc0e9da26a0e79ffdc53cb7266e681afac844d29a441bc,
WORKING-TEMP,work/pool_idl.json,14,1,N,N,d5558cd419c8d46bdc958064cb97f963d1ea793866414c025906ec15033512ed,
WORKING-TEMP,work/pump_amm_idl.json,160724,7681,N,N,2091433899b07d003d98118ae6cd3c628960fd393b40710b6e15bce6d0e7f2d1,work/idl_try.json
WORKING-TEMP,work/pump_idl.json,268716,12387,N,N,ffe966c42f1af41652ee753fe2f1e3f7cd4077d7e6f49faf3138959c8b56064b,
WORKING-TEMP,work/ray_ix.rs,42997,1189,N,N,499a331b01a1142975dece9ca7258a937ae0598422c33ec516c2f3e4883e0818,
WORKING-TEMP,work/ray_proc.rs,130961,3242,N,N,31eed8ed2736fa2d2ee3a2ad072a4025766ef828bc2ddfbf26a1ec8669c91fe6,
WORKING-TEMP,work/ray_state.rs,51713,1348,N,N,52ce5407aa5343d93965c8ab20861e4aaf62dbb84f73f047dc666d73d14998d8,
WORKING-TEMP,work/sbf_determinism_rerun.sh,3661,78,N,N,0ff3ec6b5e1dfafa849fa0aa30a34029e6984813e127903fc39ef727a15b7d87,
WORKING-TEMP,work/verify_final_package.sh,2805,45,N,N,434d00cf5e38627beb926e3f4ccec360437a62936953720fc91084c7e762074c,
WORKING-TEMP,work/adversarial-audit/final-sweep.log,2239,44,N,N,152a1e061905577aabf4f18967a04598457bb41655a8d41fd13d462a9d92a83a,
WORKING-TEMP,work/adversarial-audit/rule1-inventory.log,3841,67,N,N,10ec4115f0befcc96fd3fbf035e9c7485c97fbe5b5a9f5fb624eb4d2f0c74487,buyer-release-final/evidence/handover/adversarial-audit/rule1-inventory.log
WORKING-TEMP,work/adversarial-audit/rule10-11-17.log,10699,151,N,N,17e267bb78bd37237e77e3eb93d998bdf9ce76e36af2c07e7293e35b014b4716,buyer-release-final/evidence/handover/adversarial-audit/rule10-11-17.log
WORKING-TEMP,work/adversarial-audit/rule12-16-18-20.log,7195,119,N,N,16228e5383f123c94c686af3dfd7bc47e58fdc2ccb99335d40973b4f1a71bdd0,buyer-release-final/evidence/handover/adversarial-audit/rule12-16-18-20.log
WORKING-TEMP,work/adversarial-audit/rule14-15-18b.log,18930,307,N,N,d062e873b6ffb1dcd4290d8619cd38f8fbe3c7a73e3f14e47e3322083345c578,buyer-release-final/evidence/handover/adversarial-audit/rule14-15-18b.log
WORKING-TEMP,work/adversarial-audit/rule2-source-change.log,980,27,N,N,58160d985786bf02d325aed8430f4ce3b65dd6f90a5c9f31b18e64e04c562c73,buyer-release-final/evidence/handover/adversarial-audit/rule2-source-change.log
WORKING-TEMP,work/adversarial-audit/rule21-verify-delivery-current-tree.log,638,12,N,N,d6d1a59dc3fae6031d13e1300e5d92dd2b194cc49939c6e8a42ccbdac390bc60,buyer-release-final/evidence/handover/adversarial-audit/rule21-verify-delivery-current-tree.log
WORKING-TEMP,work/adversarial-audit/rule21-verify-delivery-postfix.log,645,12,N,N,031a6edd03eb39dafc8e155fe873876edb7c26729dc154b447641651749c9e5b,buyer-release-final/evidence/handover/adversarial-audit/rule21-verify-delivery-postfix.log
WORKING-TEMP,work/adversarial-audit/rule3-evidence-mapping.log,5127,68,N,N,fd6d5a62ae615a4a09b9ae0c1c7181b7a51bdc0b549798eaea7b0957abf19faf,buyer-release-final/evidence/handover/adversarial-audit/rule3-evidence-mapping.log
WORKING-TEMP,work/adversarial-audit/rule3-logs-investigation.log,5497,100,N,N,02793b9b2f5c226754d3681d55ee36bf4073870f81cf33773822ed742c244dcf,buyer-release-final/evidence/handover/adversarial-audit/rule3-logs-investigation.log
WORKING-TEMP,work/adversarial-audit/rule3-rule4.log,2083,39,N,N,453d731328a3ad6dce9607e66a5100b2b9bb95fea909f78f5395440689e61e96,buyer-release-final/evidence/handover/adversarial-audit/rule3-rule4.log
WORKING-TEMP,work/adversarial-audit/rule3b-discrepancies.log,2583,55,N,N,adcbc08c5b8a86041de3bfb7c51be05d90be3f75781474f80c44e7def8c7872d,buyer-release-final/evidence/handover/adversarial-audit/rule3b-discrepancies.log
WORKING-TEMP,work/adversarial-audit/rule5-9.log,3512,82,N,N,639f13e3ffb474dde4a074680325d496786d902acc1f72763561b7d98add6540,buyer-release-final/evidence/handover/adversarial-audit/rule5-9.log
WORKING-TEMP,work/adversarial-audit/rule8-9.log,1422,29,N,N,36eacd400323f1bee5fbd1a6bf8ced408d9ac4ac43c25e90ca5748ef58385d4a,buyer-release-final/evidence/handover/adversarial-audit/rule8-9.log
WORKING-TEMP,work/adversarial-audit/turnstart-execbit-repair.log,835,14,N,N,c49d8984dc12c07da3203b9ef4606537a27d4dd918fdaa33e50f69c57eac8bff,
WORKING-TEMP,work/app-run/config.toml,18662,385,N,N,a09979e07c2b1e9f69ed0e555e30c2c24267d9db3a7384240ce685d64c00a011,buyer-release-final/deployment/config.toml.example;buyer-release-final/source-tree/config.toml.example;buyer-release/deployment/config.toml.example (+2 more)
WORKING-TEMP,work/app-run/data/events.jsonl,383,3,N,N,b1fcc308ac2177b1e172e1570e24f4dd0917d191477a2e1e5a93b0c33abb66f7,
WORKING-TEMP,work/disc/Cargo.lock,2582,100,N,N,73560af7fde54a370040a7627bce6a9e31ca4ae89cff3c650836fdde9c5fea5b,
WORKING-TEMP,work/disc/Cargo.toml,101,8,N,N,9d51571159b4c94c6c13dee70817944584ab8dad79cb6f4ef819fd0a0c92b000,
WORKING-TEMP,work/disc/src/main.rs,736,20,N,N,93b1b68a25eaaccfe4d40912c8673aecf7800f6ba2d843c832b9fd810b012a19,
WORKING-TEMP,work/artifacts/staking_suite-keypair.json,226,1,N,N,2dd847ad4b4b99013aed98d1396ff97a9bc03491fd87213c2e20c3d3e951e1e9,
WORKING-TEMP,work/artifacts/staking_suite.so,166272,,Y,N,b52e9529aa025a056e39f6410624e32798fc37cc21e5b31248afd96db1b5e655,
WORKING-TEMP,work/cratesrc/p.crate,263,2,N,N,4910bef0b8f07aab0830fee7f31440b02ae28540a96ce4bb6b3710885979f332,
WORKING-TEMP,work/cratesrc/r.crate,243,2,N,N,088c3ea9bd9f8eb4d272d4102c017f27ae119d96b984ac1a4af4efaa2b22802f,
WORKING-TEMP,work/fetch/Cargo.toml,97,7,N,N,8d7e2f8d767a2c3fdb6f0f502d1ab4c927941e958ec3f9f3f51968762422ad4f,
WORKING-TEMP,work/fetch/src/main.rs,12,1,N,N,8c72b9bc757c23481081603700cbf2095db1f8807450a1f0ba315ad967859ac8,
WORKING-TEMP,work/probe/Cargo.lock,170143,6943,N,N,8442e120d3ed23901e366fd0ccc4153489152dfe5cb23e24c48bdb21bebf8fe4,
WORKING-TEMP,work/probe/Cargo.toml,601,16,N,N,eba8408b09bd749d9d979ab355cb1052f1357651860069721eb2760ae9c1d010,
WORKING-TEMP,work/probe/src/main.rs,9406,157,N,N,c64df76ddcc7506d5a9078b938a06f11a2fb71da5a98cbf16720aa8ca8bef836,
WORKING-TEMP,work/solana-release/.crates.toml,99,2,N,N,889e7a193b70d5ac885d0e9e9c2b589c99b3451f118e07827f141f04b56b84f1,
WORKING-TEMP,work/solana-release/.crates2.json,471,1,N,N,4e7f86fe7c38977b7e6ddbdcd890a351cf476df783d412278d1d3f562e347fc4,
WORKING-TEMP,work/solana-release/version.yml,99,3,N,N,aa8f5e66f5c9e79d671b6b3e15c11cec5204ae0055408dd9ed26dba71734580f,
WORKING-TEMP,work/solana-release/bin/deps/libsolana_program.rlib,6653170,,Y,N,8ce02d6213975d59e05a1d8af2fec8ab8af5824cedd9e9557b76502b3ad4bf21,
WORKING-TEMP,work/solana-release/bin/deps/libsolana_program.so,21128,,Y,N,193ed9208d4d59061caac8f5fb993e1870a69cb4625bbe56835d706bb6cd498a,
WORKING-TEMP,work/solana-release/bin/perf-libs/cuda-10.0/cuda-version.txt,22,1,N,N,9f240db5d5d1f807dca2bd8011c644176605650aacdb83f820510adb8886d332,
WORKING-TEMP,work/solana-release/bin/perf-libs/cuda-10.0/libcl-crypt.so,413408,,Y,N,0022b2973d2584dae1c5b5ef2cf0e9b10f05afcb01b686248fb45b7ff32939a9,work/solana-release/bin/perf-libs/cuda-10.1/libcl-crypt.so
WORKING-TEMP,work/solana-release/bin/perf-libs/cuda-10.0/libcuda-crypt.so,32116896,,Y,N,755bb2386dd4018cc5e7b42c97c26acf2de882e56a851cc07f751b1f1b69a71b,
WORKING-TEMP,work/solana-release/bin/perf-libs/cuda-10.1/cuda-version.txt,22,1,N,N,f6a85471bde09e91b258824d95a238fa128aebe150abd093418c30b1aa748359,
WORKING-TEMP,work/solana-release/bin/perf-libs/cuda-10.1/libcl-crypt.so,413408,,Y,N,0022b2973d2584dae1c5b5ef2cf0e9b10f05afcb01b686248fb45b7ff32939a9,work/solana-release/bin/perf-libs/cuda-10.0/libcl-crypt.so
WORKING-TEMP,work/solana-release/bin/perf-libs/cuda-10.1/libcuda-crypt.so,31995184,,Y,N,0898d0e2d57f94afef5f39ecc19ced834472bfae7b056276393170f12d60b3bf,
WORKING-TEMP,work/solana-release/bin/sdk/sbf/env.sh,499,16,N,N,ff2f69a21002d52c154c839057c52252b0bf784bbba4d7a3e26e660233e552f2,
WORKING-TEMP,work/solana-release/bin/sdk/sbf/syscalls.txt,0,0,N,N,e3b0c44298fc1c149afbf4c8996fb92427ae41e4649b934ca495991b7852b855,.sudo_as_admin_successful;buyer-release-final/database/phase8-4-restore.log;buyer-release/evidence/db/phase8-4-restore.log (+4 more)
WORKING-TEMP,work/solana-release/bin/sdk/sbf/c/README.md,1030,42,N,N,06a36b4517d8a1f5ca005385601e5c14827baefc87ce45719681f65436c0335c,
WORKING-TEMP,work/solana-release/bin/sdk/sbf/c/sbf.ld,452,24,N,N,a7feb3b4a201045e44c3cce9f3c1087a2bf2fb6d1974aa84f55ed4a65b6f1380,
WORKING-TEMP,work/solana-release/bin/sdk/sbf/c/sbf.mk,8920,311,N,N,a35cb234fd2aa6598adbcc7998ef284ed853a3050643c7f17eb1de1ac44c2298,
WORKING-TEMP,work/solana-release/bin/sdk/sbf/c/inc/deserialize_deprecated.h,39,1,N,N,76c96c25637df160388fac89f265c0af946dae909fa37fbb0d979cb35946b03e,
WORKING-TEMP,work/solana-release/bin/sdk/sbf/c/inc/solana_sdk.h,515,23,N,N,cf7f5762db7a87677bfb62b357c6950cba6d1146bc2a4e3adc8eacab7bde1d44,
WORKING-TEMP,work/solana-release/bin/sdk/sbf/c/inc/stdio.h,81,4,N,N,b05557a562439eb2981507f79f90855a72aaf716cc068a4d96727b958162fdf1,
WORKING-TEMP,work/solana-release/bin/sdk/sbf/c/inc/stdlib.h,37,2,N,N,866e40d29930b07886fba1a881cf11cb43a1e19ce00e656d67c6f6e528afdf83,
WORKING-TEMP,work/solana-release/bin/sdk/sbf/c/inc/string.h,116,6,N,N,1fa8b80022c45e01274e452964efad09dd7e7951e060874a3c8ca03bab320635,
WORKING-TEMP,work/solana-release/bin/sdk/sbf/c/inc/wchar.h,13,1,N,N,b3adf106d95b8934f690943f2921308b90be5b766c4c8ba250c792de56400201,work/solana-release/bin/sdk/sbf/c/inc/sys/param.h
WORKING-TEMP,work/solana-release/bin/sdk/sbf/c/inc/sol/alt_bn128.h,1609,71,N,N,fb68b592b5907ef24edadf99a93a7b067a77b8018d06a701b6268b0583e3d3c1,
WORKING-TEMP,work/solana-release/bin/sdk/sbf/c/inc/sol/alt_bn128_compression.h,2040,91,N,N,862b9c3e0b03f98316115c1197238f24494e596aef13b5fd54bdee3cf4a2a8a7,
WORKING-TEMP,work/solana-release/bin/sdk/sbf/c/inc/sol/assert.h,1283,56,N,N,1292878e8644dc3353b3ffe5fc69d92e80a01f077c90e78592a92b3f502d1ee2,
WORKING-TEMP,work/solana-release/bin/sdk/sbf/c/inc/sol/big_mod_exp.h,841,32,N,N,7db01d5b613e3d64f3a80bef1c8b19672226d66a96f05830b99ec9a214f43610,
WORKING-TEMP,work/solana-release/bin/sdk/sbf/c/inc/sol/blake3.h,905,39,N,N,d1e25b432d1ad3ee76e11553b1d316a0846b18db31757e6309fdb977d5ff5bd1,
WORKING-TEMP,work/solana-release/bin/sdk/sbf/c/inc/sol/compute_units.h,885,42,N,N,73d756c41af6330a21be5d991607079522ba2bac0386db721065150c382b8ce9,
WORKING-TEMP,work/solana-release/bin/sdk/sbf/c/inc/sol/constants.h,801,18,N,N,7dd040c41526b0676d0f2ab7e2a9137065106e83a4d83a375b95d28d52307b5b,
WORKING-TEMP,work/solana-release/bin/sdk/sbf/c/inc/sol/cpi.h,3825,138,N,N,69088c537c37d4273cc589562c6bc5259aa8073e68f67f165c6d04b984980e13,
WORKING-TEMP,work/solana-release/bin/sdk/sbf/c/inc/sol/deserialize.h,4071,137,N,N,fb9f6e9b59f258dfc33473ce5600d50bb7b70220777fd42dd822debcfd2662eb,
WORKING-TEMP,work/solana-release/bin/sdk/sbf/c/inc/sol/deserialize_deprecated.h,3420,119,N,N,113d2f4577684caa2ff6f4607e98537079c597349db145aab6c457715076feaa,
WORKING-TEMP,work/solana-release/bin/sdk/sbf/c/inc/sol/entrypoint.h,1663,53,N,N,2f99d265e925adf204041008ccfae84844a486bfe456f75ee03e2c04ee9374ab,
WORKING-TEMP,work/solana-release/bin/sdk/sbf/c/inc/sol/keccak.h,909,39,N,N,494afe3bd2dce9a04d3a85307ec0c86c36d933f790e7c3607b59cad0ab8eefd2,
WORKING-TEMP,work/solana-release/bin/sdk/sbf/c/inc/sol/last_restart_slot.h,734,30,N,N,5eed71c9a0f459a2def5c44382726dcdc1c819ef58a38b648e777a08ac0398cf,
WORKING-TEMP,work/solana-release/bin/sdk/sbf/c/inc/sol/log.h,4244,139,N,N,011ce595baa8887ec8e1ff9c650e029a8c54dd134c5732048938d1c8a833675f,
WORKING-TEMP,work/solana-release/bin/sdk/sbf/c/inc/sol/poseidon.h,1900,83,N,N,6d1b0e6e0b03376f9ab792613742456e77f037ce3cd8b2461647d0e3fb1fac3c,
WORKING-TEMP,work/solana-release/bin/sdk/sbf/c/inc/sol/pubkey.h,3973,134,N,N,e6d5a5d1a366335770a29b3e0105aca3510f89fb8f47da089fd1ceaf178980e3,
WORKING-TEMP,work/solana-release/bin/sdk/sbf/c/inc/sol/return_data.h,1831,59,N,N,cef06f3d6cc37c5af62f5d16b507c439103611aaf7be56a0a17c2f4cc770ae0b,
WORKING-TEMP,work/solana-release/bin/sdk/sbf/c/inc/sol/secp256k1.h,1765,50,N,N,4e3818e514f6c0b85e0dd1c334a26c539092fc9fc3cf13dc9f18516d870bfe17,
WORKING-TEMP,work/solana-release/bin/sdk/sbf/c/inc/sol/sha.h,881,39,N,N,a312d6e84db9062d2b91a212cce1d9806a1ed7532ac7b662871636c5ebd58c12,
WORKING-TEMP,work/solana-release/bin/sdk/sbf/c/inc/sol/string.h,2069,116,N,N,1fb1db89fba24801dc0c014fdd6543c96ebddd051787f768005e069122df5461,
WORKING-TEMP,work/solana-release/bin/sdk/sbf/c/inc/sol/types.h,3883,141,N,N,e52965f8bd283e8ac7b504022d394b718dd2ba77270e9ce34f6b64acd555326e,
WORKING-TEMP,work/solana-release/bin/sdk/sbf/c/inc/sol/inc/alt_bn128.inc,1032,62,N,N,6ae92d1138161ced53ffbd2c5e0a78c449bb902db679e95ffd4dbb015cd43a3c,
WORKING-TEMP,work/solana-release/bin/sdk/sbf/c/inc/sol/inc/assert.inc,828,47,N,N,88e6625a05acf6d09588eca6f1a152057fb0565e164a7033ad4dc6a7f311e4b2,
WORKING-TEMP,work/solana-release/bin/sdk/sbf/c/inc/sol/inc/alt_bn128_compression.inc,1316,72,N,N,e067415bc4c61431e0f16f551c3f44ba6cd731f89f7bd3d2ab70bf01ff662c7a,
WORKING-TEMP,work/solana-release/bin/sdk/sbf/c/inc/sol/inc/big_mod_exp.inc,390,23,N,N,472ec9728c281669071eae3784ecf255f651468713b85e8084a7f7f464a8e2ba,
WORKING-TEMP,work/solana-release/bin/sdk/sbf/c/inc/sol/inc/blake3.inc,455,30,N,N,03b3fe35b02e906d109c30c7bab66db7dd6b0a1f0c78b1c12af744a66101aa50,
WORKING-TEMP,work/solana-release/bin/sdk/sbf/c/inc/sol/inc/compute_units.inc,432,33,N,N,d2d0ea287f00664012d4676b403bb4b2217c5d47e1318ee9f84b15d5d9a15f4b,
WORKING-TEMP,work/solana-release/bin/sdk/sbf/c/inc/sol/inc/cpi.inc,3193,117,N,N,d932d0400803f42f20191732565a7c42140347ef855109efd9afccd3bd516adc,
WORKING-TEMP,work/solana-release/bin/sdk/sbf/c/inc/sol/inc/keccak.inc,452,30,N,N,fc9b740a99bb48aa42cb8aa54240e4b0f05165a3f85f352bcdb71e8f1997d252,
WORKING-TEMP,work/solana-release/bin/sdk/sbf/c/inc/sol/inc/last_restart_slot.inc,261,21,N,N,06548830c844182b6ace88f2598872c5170af73f03c73d71483d6e6d21a9af4f,
WORKING-TEMP,work/solana-release/bin/sdk/sbf/c/inc/sol/inc/log.inc,2590,103,N,N,a6aef93e86a3ed71dabc0670506bc4603b64144b355948b3c2fc3f1837b55736,
WORKING-TEMP,work/solana-release/bin/sdk/sbf/c/inc/sol/inc/poseidon.inc,1229,62,N,N,c083b4fffc6ab62a9aaffab07c6fdfd0a95817e8fcf93ec8de69f25e852447d9,
WORKING-TEMP,work/solana-release/bin/sdk/sbf/c/inc/sol/inc/pubkey.inc,2336,107,N,N,038379d439f4fd72bebd4caed69f8e26c8267d1a20c87a56aa792c85b0da953f,
WORKING-TEMP,work/solana-release/bin/sdk/sbf/c/inc/sol/inc/return_data.inc,875,41,N,N,5fbf73f745893a4205d0ba7ea0e12811bdbdcfa549db23b87d2524b7f785ecea,
WORKING-TEMP,work/solana-release/bin/sdk/sbf/c/inc/sol/inc/secp256k1.inc,1205,41,N,N,ec843427e8277dbcacaef96c2b71a9d7237b01b63ea1c86be62c5f7bb2ecccee,
WORKING-TEMP,work/solana-release/bin/sdk/sbf/c/inc/sol/inc/sha.inc,446,30,N,N,288faee6eb253def269b4127eeb7d429b4e6f41c8eab11ae7e9ee44714ca87d7,
WORKING-TEMP,work/solana-release/bin/sdk/sbf/c/inc/sys/param.h,13,1,N,N,b3adf106d95b8934f690943f2921308b90be5b766c4c8ba250c792de56400201,work/solana-release/bin/sdk/sbf/c/inc/wchar.h
WORKING-TEMP,work/solana-release/bin/sdk/sbf/dependencies/criterion-v2.3.3.md,0,0,N,N,e3b0c44298fc1c149afbf4c8996fb92427ae41e4649b934ca495991b7852b855,.sudo_as_admin_successful;buyer-release-final/database/phase8-4-restore.log;buyer-release/evidence/db/phase8-4-restore.log (+4 more)
WORKING-TEMP,work/solana-release/bin/sdk/sbf/dependencies/platform-tools-v1.43.md,0,0,N,N,e3b0c44298fc1c149afbf4c8996fb92427ae41e4649b934ca495991b7852b855,.sudo_as_admin_successful;buyer-release-final/database/phase8-4-restore.log;buyer-release/evidence/db/phase8-4-restore.log (+4 more)
WORKING-TEMP,work/solana-release/bin/sdk/sbf/scripts/dump.sh,1001,46,N,N,18e01419dd684b5ad8c0945ecfb5a9e62481392ae71ff9ca10956e66309561d0,
WORKING-TEMP,work/solana-release/bin/sdk/sbf/scripts/install.sh,2978,138,N,N,72115529656e060c68b1a5498db99a8132fdd629036e37394f813d6d31b3b4aa,
WORKING-TEMP,work/solana-release/bin/sdk/sbf/scripts/objcopy.sh,194,6,N,N,4d24c6440314cd9a0708458d38657858f58999e59a68231abf4524d64c29e7a3,
WORKING-TEMP,work/solana-release/bin/sdk/sbf/scripts/package.sh,308,19,N,N,682cdb1d8fba9c28a26800784586b6f6e53c5c3f05387d0022867e606ff7637c,
WORKING-TEMP,work/solana-release/bin/sdk/sbf/scripts/strip.sh,495,23,N,N,70d730afc852d4ba71f6583c9a6e0592f3e36840ab53000c1c225f2c3a491978,
WORKING-TEMP,work/forensic/phase0-summary.log,0,0,N,N,e3b0c44298fc1c149afbf4c8996fb92427ae41e4649b934ca495991b7852b855,.sudo_as_admin_successful;buyer-release-final/database/phase8-4-restore.log;buyer-release/evidence/db/phase8-4-restore.log (+4 more)
